id,domain,status,purchase_price,renewal_price,attractiveness,demand,length,registrar,created_at,expires_at,status_verified_at
a86e856c-e02c-4168-a2a0-aff3d029b51a,felicity.catering,available,31.25,31.25,high,low,8,spaceship,,,29/09/2026 12:15
3d002a0f-511c-408a-b15b-27f5d0da2ddc,talent.catering,available,31.25,31.25,high,medium,6,spaceship,,,29/09/2026 18:11
dbe8b8d3-5249-4bd7-ab2b-05b7b7e04ba6,extensile.catering,available,40.98,48.98,medium,low,9,namecheap,,,17/08/2026 19:01
a06c0486-f4af-4243-a834-da33cf24bf16,steaming.catering,available,38.99,38.99,medium,low,8,namesilo,,,10/09/2026 19:42
47736e25-27b6-419c-8cbe-d2161547d59c,romano.catering,available,38.99,38.99,high,low,6,namesilo,,,29/09/2026 10:38
d12f260e-aef1-4bfa-881d-eaade00e4e34,anhui.catering,available,31.25,31.25,medium,low,5,spaceship,,,30/09/2026 21:24
0402bac6-403a-4957-a0ea-91cf73d6990c,kingsbury.catering,available,31.41,31.41,high,low,9,porkbun,,,29/09/2026 22:52
87abde45-1a05-442f-9b30-910a7326d91b,aleatory.catering,available,38.99,38.99,medium,low,8,namesilo,,,
ebd20c5a-b752-40f5-a835-29f1b9633d5e,exaggerated.catering,available,38.99,38.99,medium,low,11,namesilo,,,29/09/2026 14:24
10f0a09d-17f4-49f8-8fb2-c02ba14f4cb7,libre.catering,available,38.99,38.99,high,low,5,namesilo,,,01/10/2026 22:14
592e884a-f203-4dc1-8a26-8d7dd069e3c6,testator.catering,available,38.99,38.99,medium,low,8,namesilo,,,11/09/2026 12:02
2d1e4281-723a-4539-b74d-54f4344d0c7e,incased.catering,available,40.98,48.98,medium,low,7,namecheap,,,11/08/2026 20:08
2a11920b-5b9b-44b2-b6f3-d148fd0a0070,tuppeny.catering,available,38.99,38.99,medium,low,7,namesilo,,,10/09/2026 09:12
f9035b11-e39c-4f7e-8b98-e6ac5fe5c45f,neel.catering,available,31.25,31.25,medium,low,4,spaceship,,,01/10/2026 20:23
3785995e-d4b7-4455-9819-1b660a780fcc,squares.catering,available,38.99,38.99,medium,low,7,namesilo,,,28/09/2026 23:48
70c5ad7c-455f-4138-bcb4-b794aef401a1,blastocyst.catering,available,40.98,48.98,medium,low,10,namecheap,,,24/09/2026 04:28
2d212444-e98b-4c36-911c-112a44deda42,haines.catering,available,40.98,48.98,medium,low,6,namecheap,,,28/09/2026 04:08
70c8bcbc-1b71-4872-a813-61eae8ac3c76,retroflex.catering,available,38.99,38.99,medium,low,9,namesilo,,,11/08/2026 12:37
752c0270-e8a1-4e9a-8451-2327573d64b6,ashamed.catering,available,40.98,48.98,medium,low,7,namecheap,,,27/09/2026 17:32
eb276dba-bc7e-461b-8a06-fcccbd77dca5,wrathful.catering,available,38.99,38.99,medium,low,8,namesilo,,,13/09/2026 13:36
9f0006db-1c6d-4c43-955e-7424fc4ce1f9,decoders.catering,available,40.98,48.98,medium,low,8,namecheap,,,20/09/2026 07:41
95bf8853-3085-4b14-a4d6-2b30d38a0584,pyramidal.catering,available,38.99,38.99,medium,low,9,namesilo,,,09/09/2026 06:55
b678b8e9-2ede-4695-a0ee-32ec3af6a5ce,lapsed.catering,available,38.99,38.99,medium,low,6,namesilo,,,22/08/2026 19:47
e6f4edf6-e53a-49ba-b369-8d79328950a7,streetfighter.catering,available,46.99,,medium,low,14,name.com,,,
6dca7d8b-9ac3-419d-8e84-b33d0766acb1,feb.catering,available,30.2,30.2,high,low,3,cloudflare,,,29/09/2026 19:04
68e80396-fdcd-43cb-a7a1-408b0468f81e,surpassing.catering,available,38.99,38.99,high,low,10,namesilo,,,17/08/2026 16:03
28efbe1c-7512-4a15-be1c-f9017359c985,literal.catering,available,38.99,38.99,high,low,7,namesilo,,,25/09/2026 13:58
8af48a6e-88cc-4ee2-a6d7-770e72a862ae,sixteenth.catering,available,38.99,38.99,high,low,9,namesilo,,,
30a7067a-0b1a-45d1-868c-9948ee035cda,tubes.catering,available,38.99,38.99,medium,low,5,namesilo,,,20/09/2026 00:50
c060624c-eaf6-43c2-96f9-91bf7807d992,processor.catering,available,38.99,38.99,high,low,9,namesilo,,,29/09/2026 11:51
c5ec2f86-ecac-4c61-83a3-49fc855b5b38,piecemeal.catering,available,38.99,38.99,high,low,9,namesilo,,,10/08/2026 07:07
c55952ef-4cf3-47ef-be3d-50aaf1a57212,arariba.catering,available,38.99,38.99,medium,low,7,namesilo,,,20/09/2026 00:13
699fbc44-e2fd-4e24-95b1-6f3c1a0a32b1,disraeli.catering,available,38.99,38.99,medium,low,8,namesilo,,,23/09/2026 08:17
4cbc32a1-0a6b-4c95-870f-63cfa5bcbedb,driveway.catering,available,32.21,32.21,medium,low,8,dynadot,,,28/09/2026 13:54
8b8ea905-2c5e-4379-8361-e0f3b7372f0b,judging.catering,available,31.25,31.25,high,low,7,spaceship,,,27/09/2026 14:29
388dcbcf-3e87-4c01-805b-9119585e7071,catkin.catering,available,40.98,48.98,medium,low,6,namecheap,,,18/09/2026 18:54
d356745b-7820-4971-9aa0-701e295edac9,ago.catering,available,38.99,38.99,high,low,3,namesilo,,,21/09/2026 23:15
9fbcab46-aa76-471a-b362-3460b62ac13f,retrieval.catering,available,31.25,31.25,high,low,9,spaceship,,,30/09/2026 02:43
7111121c-e67a-4d90-962f-699fb1c9f290,ultimo.catering,available,38.99,38.99,medium,low,6,namesilo,,,11/09/2026 22:47
536b256d-51b7-4390-bfd5-5d615c3f943a,diminutive.catering,available,38.99,38.99,medium,low,10,namesilo,,,08/08/2026 14:10
88e654b8-fce6-4d0d-909e-7068198ab300,alvine.catering,available,38.99,38.99,medium,low,6,namesilo,,,
61c9cfdf-e4a6-44fa-abe2-a013045808f4,aldo.catering,available,38.99,38.99,high,low,4,namesilo,,,29/09/2026 04:10
6ff03bf2-98e6-431a-aa70-25a7401343ab,rare.catering,available,38.99,38.99,high,medium,4,namesilo,,,27/09/2026 09:46
e5f571d9-b8fd-4235-ba4c-defdb0480cd3,anuria.catering,available,38.99,38.99,medium,low,6,namesilo,,,19/09/2026 15:55
81286f95-4e32-4dd1-8147-fdaa6957196a,lxi.catering,available,38.99,38.99,medium,low,3,namesilo,,,
eeb97b06-7618-471e-9eca-dead2a90b164,mellowly.catering,available,38.99,38.99,medium,low,8,namesilo,,,24/08/2026 19:31
ea336018-eed0-48c7-b73e-4341af4b196f,ideas.catering,premium,118.8,118.8,high,low,5,namesilo,,,
70731e82-4b21-4491-8cd5-0b3e251595a2,kite.catering,available,31.25,31.25,high,low,4,spaceship,,,29/09/2026 13:15
6eae20a8-d388-427f-a5f5-d999d767591a,aeolian.catering,available,38.99,38.99,medium,low,7,namesilo,,,
b85525c7-d649-4135-a516-d4fef0eceaa0,needle.catering,available,32.21,32.21,high,low,6,dynadot,,,28/09/2026 17:37
9cf5e823-d17f-4ca3-b88c-c8e062d88959,gothenburg.catering,available,31.25,31.25,medium,low,10,spaceship,,,28/09/2026 14:19
5029c38e-8ed9-4b87-842f-db8604013287,absorbed.catering,available,40.98,48.98,high,low,8,namecheap,,,21/09/2026 14:58
3c44a37c-562c-4a72-ae83-b3fd1c252f38,nigerien.catering,available,38.99,38.99,medium,low,8,namesilo,,,03/09/2026 17:14
f71e88bd-9ae5-4d4f-94c7-7cabf15f1fb2,applet.catering,available,40.98,48.98,high,low,6,namecheap,,,19/09/2026 21:38
d438dfb3-f6cb-4b6f-a90a-895b54c4d242,crosswise.catering,available,38.99,38.99,medium,low,9,namesilo,,,13/08/2026 08:23
c3555be9-47ba-4030-abd7-d5966fe277b0,lounge.catering,premium,38.94,38.94,high,low,6,namesilo,,,11/09/2026 08:25
bb1ccf58-d024-400a-b7b9-5b259efca55f,ahmad.catering,available,38.99,38.99,high,low,5,namesilo,,,27/09/2026 07:37
316ed9db-2b4b-4b39-983f-73ef85bd616e,exchange.catering,premium,78.54,78.54,high,low,8,namesilo,,,30/09/2026 13:42
8f732744-0947-47a6-b441-f2ace4d9c3aa,abm.catering,available,38.99,38.99,high,low,3,namesilo,,,16/09/2026 16:15
ed404194-397f-4229-a161-49475a53ea29,aare.catering,available,38.99,38.99,medium,low,4,namesilo,,,16/09/2026 13:18
cdf6a218-7f9f-4f6d-85c7-014cb020b9e1,navigate.catering,available,32.21,32.21,high,low,8,dynadot,,,28/09/2026 20:45
4f9079ca-890b-4206-ae7a-1e91904b3983,choral.catering,available,38.99,38.99,high,low,6,namesilo,,,12/08/2026 07:03
7456ccd3-36e3-4856-89ed-64b50a860ab6,surrender.catering,available,38.99,38.99,high,low,9,namesilo,,,28/09/2026 11:23
5044f8f4-7906-4265-bff9-013da3cacfe1,wiggins.catering,available,38.99,38.99,high,low,7,namesilo,,,28/09/2026 16:37
7723919a-e060-40bb-8bef-b69a07ef5972,partner.catering,available,38.99,38.99,high,low,7,namesilo,,,23/09/2026 11:42
51ca12f0-d4e3-4cc5-a279-d865594c285f,wind.catering,available,31.41,31.41,high,low,4,porkbun,,,28/09/2026 10:39
dde4aedb-791a-4e80-8c98-750299904df7,doorway.catering,available,30.2,30.2,high,low,7,cloudflare,,,28/09/2026 18:58
54210ca5-2b2e-463b-bcdc-8b9c69d613ba,hourly.catering,available,38.99,38.99,high,low,6,namesilo,,,25/09/2026 00:10
dece6615-cc70-4ea0-a7da-90e628fa76d5,orwellian.catering,available,40.98,48.98,medium,low,9,namecheap,,,04/09/2026 18:08
61211bbd-38f1-48aa-a397-983a4fb87e0c,aerobiotic.catering,available,38.99,38.99,medium,low,10,namesilo,,,
54c9366d-b2c6-466e-83a1-88a49f3b1081,araxes.catering,available,38.99,38.99,medium,low,6,namesilo,,,20/09/2026 00:19
d336fe5c-e16f-4f38-a0eb-094f786c20bb,asymptote.catering,available,46.99,50.99,medium,low,9,name.com,,,20/09/2026 18:41
fc83f5b6-6056-4a72-84b6-764f328c682c,judge.catering,available,38.99,38.99,high,low,5,namesilo,,,25/09/2026 05:43
c97e0102-1847-44d7-8e7d-b9cdd0b79362,analyzable.catering,available,38.99,38.99,medium,low,10,namesilo,,,
2660f68f-a7dd-4357-b48d-30407b1f5684,cupric.catering,available,38.99,38.99,medium,low,6,namesilo,,,13/08/2026 10:49
7b342028-d020-490a-a927-b2a95bebeab4,frontal.catering,available,38.99,38.99,high,low,7,namesilo,,,18/08/2026 16:15
99b2a8cf-9086-47c5-a9e7-25f0775627da,calculus.catering,available,38.99,38.99,high,low,8,namesilo,,,30/09/2026 00:56
6ec25280-623a-4ffd-b478-06cd5d84b296,ethan.catering,available,38.99,38.99,high,low,5,namesilo,,,25/09/2026 13:30
232e28ed-1de5-480e-be0f-6d54ecd86276,woods.catering,premium,78.54,78.54,high,low,5,namesilo,,,29/09/2026 19:51
2e438870-7583-4474-9d3d-1ebb8dc2500e,copyright.catering,available,40.98,48.98,high,low,9,namecheap,,,24/09/2026 18:10
efd8ab9e-7610-487c-8dae-ca57ee01a7a0,parades.catering,available,30.2,30.2,medium,low,7,cloudflare,,,02/10/2026 03:54
bc2a495f-83be-4f2b-8a7b-d56b15c9f80d,dass.catering,available,31.25,31.25,high,low,4,spaceship,,,30/09/2026 19:19
dcd36e7a-ff9f-4da3-ae4a-14001414b623,croak.catering,available,40.98,48.98,medium,low,5,namecheap,,,24/09/2026 19:33
b8e9ae85-b8a6-454b-8bc1-7eee73ec122c,squashed.catering,available,38.99,38.99,medium,low,8,namesilo,,,10/09/2026 17:31
0da001df-2f78-47a9-817b-ee37e0ec48fc,reassuring.catering,available,38.99,38.99,high,low,10,namesilo,,,09/09/2026 11:14
76cefa25-1537-496f-98a1-fe17c3699435,criticism.catering,available,38.99,38.99,high,low,9,namesilo,,,29/09/2026 12:07
93bfa2bb-83ce-4663-8444-1275d2058caf,boyce.catering,available,30.2,30.2,medium,low,5,cloudflare,,,28/09/2026 11:42
688f0c2f-4e56-476b-9105-ac7387a3cc1e,arlington.catering,premium,85.8,85.8,medium,low,9,namecheap,,,20/09/2026 06:16
061c6184-cda5-4630-a21c-b1b7e46be589,continuo.catering,available,40.98,48.98,medium,low,8,namecheap,,,22/09/2026 12:27
21a303d2-5051-4691-aed2-cdf2ccd0fad8,multiflora.catering,available,38.99,38.99,high,low,10,namesilo,,,21/09/2026 13:38
e3efe657-37d0-4085-91f4-eb166870f2b6,gratification.catering,available,31.25,31.25,medium,low,13,spaceship,,,02/10/2026 01:26
0719ac2a-cb4e-462b-9525-daecd67deba6,mystify.catering,available,40.98,48.98,high,low,7,namecheap,,,21/09/2026 17:29
ef9e4339-c94b-4e9c-a63b-b3a36308c5af,touchdown.catering,available,31.25,31.25,high,low,10,spaceship,,,28/09/2026 20:40
c6282d0c-c9c1-4a6c-920d-61f8c99391d8,fairly.catering,available,38.99,38.99,high,low,6,namesilo,,,24/09/2026 16:08
9f482d2f-28a6-4e90-b987-3584161b8e8e,hubbard.catering,available,40.98,48.98,high,low,7,namecheap,,,25/09/2026 07:34
3337fe71-6e66-4f95-bc2e-81a013bc899a,raped.catering,available,38.99,38.99,medium,low,5,namesilo,,,14/08/2026 04:27
502445be-6c91-4d8a-899c-4cd40eca2652,greyish.catering,available,38.99,38.99,medium,low,7,namesilo,,,20/08/2026 18:54
30b27d12-987d-49c4-bb3f-8fe7906b821d,absolver.catering,available,40.98,48.98,medium,low,8,namecheap,,,16/09/2026 18:07
49c9be98-12e8-4a2f-a294-97817853c5b7,melanie.catering,available,38.99,38.99,medium,low,7,namesilo,,,27/09/2026 07:18
35e4bea6-9598-4dd1-baa9-1ab752384c98,disagree.catering,available,31.41,31.41,high,low,8,porkbun,,,29/09/2026 15:32
20eafc53-25af-4a70-b73e-26000ba41f42,amort.catering,available,40.98,48.98,medium,low,5,namecheap,,,
8e5959d8-35b9-41ac-b7d6-9fbc0c8dde30,personable.catering,available,40.98,48.98,high,low,10,namecheap,,,08/09/2026 17:59
795417dc-fb77-4187-9fed-e0c10849aeab,housed.catering,available,38.99,38.99,high,low,6,namesilo,,,30/09/2026 15:37
10ce75d7-ab54-4d44-b7b0-bf58b6e94c92,dendritic.catering,available,38.99,38.99,medium,low,9,namesilo,,,14/08/2026 01:48
6a849a1b-775d-489e-9e4f-edb52550d05e,stark.catering,available,38.99,38.99,high,medium,5,namesilo,,,22/09/2026 13:23
7014ad2b-6aef-433b-9236-6e0dd25619ff,ribbons.catering,available,40.98,48.98,medium,low,7,namecheap,,,20/09/2026 07:05
3d2915fc-8a28-44a2-8421-1010eadc9964,courier.catering,available,31.25,31.25,high,low,7,spaceship,,,28/09/2026 18:49
69b72551-3407-451d-a7a8-d63d978e7d21,abelia.catering,available,38.99,38.99,medium,low,6,namesilo,,,16/09/2026 15:02
a6c72774-3877-4933-9caa-ca7dd0feb218,preservation.catering,available,38.99,38.99,high,low,12,namesilo,,,29/09/2026 16:07
3f17fbcc-0e45-412c-97f4-0cabef92abc3,commensal.catering,available,40.98,48.98,high,low,9,namecheap,,,12/08/2026 19:08
caf8440b-88c0-4ceb-bf4c-2a4f573b2265,obtaining.catering,available,30.2,30.2,low,low,9,cloudflare,,,30/09/2026 23:25
d7ae4ccf-eea8-4e86-9004-ba020338d7c7,shaykh.catering,available,30.2,30.2,medium,low,6,cloudflare,,,30/09/2026 21:57
d45db96a-e6a6-4f94-8291-5bcd6d3436be,slayer.catering,available,31.25,31.25,high,low,6,spaceship,,,30/09/2026 02:06
5acfdd58-7f20-468f-b9f2-98e9b9e1c4c2,finger.catering,available,38.99,38.99,high,low,6,namesilo,,,25/09/2026 06:02
664b75ed-7ed7-4805-a914-c9eef92bedee,innsbruck.catering,available,30.2,30.2,medium,low,9,cloudflare,,,29/09/2026 07:21
a6142457-f1fe-482e-9b85-7a84f7d03902,debbie.catering,available,40.98,48.98,medium,low,6,namecheap,,,27/09/2026 07:32
08d3a5f7-33f8-4334-87c5-630898f4762e,jimenez.catering,available,59.99,59.99,high,low,7,godaddy,,,30/09/2026 02:04
de8852f8-bfda-4fb0-9c19-33f99622952c,shepard.catering,available,38.99,38.99,high,low,7,namesilo,,,18/09/2026 01:40
42c9f6ff-56f9-4789-856c-611380bea612,stepaside.catering,available,38.99,38.99,medium,low,10,namesilo,,,16/09/2026 15:09
3d162213-6adf-43e1-9d97-2f936e2795b2,jumped.catering,available,38.99,38.99,medium,low,6,namesilo,,,25/09/2026 19:41
e3314204-5083-4942-ab79-aad1b1d3b596,tedious.catering,available,40.98,48.98,medium,low,7,namecheap,,,23/09/2026 00:32
ba75b21c-32b1-43ac-b84b-77b310b84c7e,momently.catering,available,38.99,38.99,medium,low,8,namesilo,,,15/09/2026 15:21
a9090373-be99-439b-abf2-3947fa27b51e,telltale.catering,available,38.99,38.99,high,low,8,namesilo,,,11/09/2026 10:35
4377e751-ca24-49cb-a953-b943eab03f48,optical.catering,available,38.99,38.99,high,low,7,namesilo,,,04/09/2026 00:42
be49d661-c1e8-4786-b40d-423f05e17d34,sharps.catering,available,38.99,38.99,medium,low,6,namesilo,,,20/09/2026 09:14
053322e6-c06b-4b88-a01a-7ad24f9a7663,prevents.catering,available,31.25,31.25,medium,low,8,spaceship,,,29/09/2026 16:31
32d5465d-544d-48c7-a9e3-b4690d83d694,bellini.catering,available,38.99,38.99,high,low,7,namesilo,,,23/09/2026 06:15
c2c28bf9-9338-4f88-9f9d-8ad8d2ee21ab,ashtoreth.catering,available,38.99,38.99,medium,low,9,namesilo,,,20/09/2026 14:02
853f1def-8331-4231-bf65-05ba6ead21dc,differences.catering,available,38.99,38.99,medium,low,11,namesilo,,,17/09/2026 14:00
e4778f0a-2d5d-4390-901f-cc725c1ecde0,supervised.catering,available,38.99,38.99,high,low,10,namesilo,,,11/09/2026 02:26
12b0654b-650f-4693-9a5c-045153e33db4,descending.catering,available,31.41,31.41,medium,low,10,porkbun,,,28/09/2026 21:15
50381c06-dbd4-42d1-a31b-5ff5a0bddcea,gained.catering,available,30.2,30.2,medium,low,6,cloudflare,,,28/09/2026 08:35
cd6f87fc-41e8-4d4d-a38f-8ec7a3f9bebe,underfoot.catering,available,38.99,38.99,medium,low,9,namesilo,,,16/09/2026 09:56
f480a57a-dbde-4cb2-9465-7e3b4ff34e55,harmonic.catering,available,38.99,38.99,high,low,8,namesilo,,,12/08/2026 22:46
722d34dc-7472-4c6e-82ef-39314af0e958,cathartic.catering,available,38.99,38.99,high,low,9,namesilo,,,05/08/2026 22:20
c26b99e5-07d6-4f40-a14d-1fc51ec9f7be,mchenry.catering,available,31.25,31.25,medium,low,7,spaceship,,,29/09/2026 10:55
1866d562-da9a-4696-a63c-ed5ef1156d03,lendable.catering,available,38.99,38.99,medium,low,8,namesilo,,,22/08/2026 23:35
b6782a63-6565-4a29-8684-2918bbf6ebea,sleazy.catering,available,38.99,38.99,medium,low,6,namesilo,,,11/08/2026 09:04
aaeb84c5-e81d-4c07-87b6-a5ca23218669,frustrated.catering,available,38.99,38.99,medium,low,10,namesilo,,,24/09/2026 10:57
05db9fa5-d717-4875-b387-28e0bdeab053,amr.catering,available,38.99,38.99,high,low,3,namesilo,,,29/09/2026 22:13
051f34ae-2c7d-4001-8fc5-d730000318a3,norris.catering,available,38.99,38.99,high,low,6,namesilo,,,23/09/2026 08:18
ade0855e-a23b-4d38-8a4b-a42f75ddb025,min.catering,available,38.99,38.99,high,low,3,namesilo,,,25/08/2026 00:58
ed45808a-31f9-450c-a560-a661628a096e,rummy.catering,available,38.99,38.99,high,low,5,namesilo,,,13/08/2026 11:16
2dff409c-b2ca-4497-98b7-c5fa6a132909,kaohsiung.catering,available,31.25,31.25,medium,low,9,spaceship,,,02/10/2026 00:29
5afbee37-2346-4586-b31f-9b7383a19d94,jamieson.catering,available,31.25,31.25,high,low,8,spaceship,,,29/09/2026 22:21
b3a9f48a-89af-46dd-a3ca-3e46f37caf7c,lawrenceville.catering,available,31.25,31.25,medium,low,13,spaceship,,,02/10/2026 00:56
407b2fe4-df92-4dbc-a7b1-250087c4c644,protozoon.catering,available,38.99,38.99,medium,low,9,namesilo,,,09/09/2026 04:16
05575f67-8297-4b2e-9b3b-6d636db26e41,terrorist.catering,available,38.99,38.99,medium,low,9,namesilo,,,25/09/2026 10:50
382a145f-ae52-4ed0-8a9e-89c9811cc002,festal.catering,available,38.99,38.99,medium,low,6,namesilo,,,18/08/2026 02:13
50f3941a-e67e-44ef-a9f0-67cdbbc582ec,sisal.catering,available,38.99,38.99,medium,low,5,namesilo,,,17/09/2026 16:39
447b0ccf-12c3-4139-b58b-6304a13305b2,ineffable.catering,available,38.99,38.99,high,low,9,namesilo,,,22/08/2026 02:45
ea8a4850-cc67-4bbd-8454-5da121980d44,lovell.catering,available,31.25,31.25,medium,low,6,spaceship,,,28/09/2026 10:17
24622a9a-6be3-40e2-be03-a66d0535fb02,waylay.catering,available,38.99,38.99,medium,low,6,namesilo,,,18/09/2026 17:32
7fb6bf08-760d-4536-99c2-1e62e12f3faf,cabs.catering,available,30.2,30.2,high,low,4,cloudflare,,,02/10/2026 03:57
69a4989b-5bee-476c-a5f9-82cd25508ebb,abbreviation.catering,available,38.99,38.99,medium,low,12,namesilo,,,01/10/2026 12:48
00ee3f7c-50f5-4b90-adfc-e93202af5fe3,acuity.catering,available,38.99,38.99,high,low,6,namesilo,,,17/09/2026 05:29
f93768bf-48f8-484f-ba7e-dbde24808e83,singer.catering,available,38.99,38.99,high,low,6,namesilo,,,25/09/2026 23:13
dafe1bc8-e147-4fb5-aa2b-7807af48309c,veins.catering,available,31.25,31.25,medium,low,5,spaceship,,,28/09/2026 08:48
c332617f-39de-4f4b-abd1-4674b2f7cecc,sweetsop.catering,available,38.99,38.99,medium,low,8,namesilo,,,19/09/2026 10:27
209286af-b382-4203-b597-67b63bdf0388,arability.catering,available,38.99,38.99,medium,low,9,namesilo,,,19/09/2026 23:32
c17b2326-43d2-4b3f-a042-b8f3a2b5ef5d,jovially.catering,available,38.99,38.99,medium,low,8,namesilo,,,15/09/2026 09:51
f7102042-30a2-4895-9fba-f9cd0c8b4adc,pasang.catering,available,46.99,50.99,medium,low,6,name.com,,,23/09/2026 12:24
4bfd5cbf-99c3-45f1-adf4-f5e77e1261f7,mvp.catering,available,31.25,31.25,high,medium,3,spaceship,,,28/09/2026 19:55
51b54355-a605-4773-a896-4645ced8c9d7,horowitz.catering,available,31.25,31.25,medium,low,8,spaceship,,,28/09/2026 10:06
89c56775-3b92-4e89-b7a1-d6bfef36d014,editing.catering,available,38.99,38.99,high,low,7,namesilo,,,28/09/2026 13:57
179968ed-8860-4d82-8705-d6df70d1dd57,tutu.catering,available,38.99,38.99,high,low,4,namesilo,,,21/09/2026 22:53
989c0ae3-79f7-4599-a924-700e1a03f104,jasmine.catering,available,38.99,38.99,high,low,7,namesilo,,,08/09/2026 14:04
fc5c8ce1-b489-4761-85ab-36051eeea4c7,achievements.catering,available,38.99,38.99,medium,low,12,namesilo,,,30/09/2026 06:58
58d9f06d-719f-4a0b-8cc0-8538cc6fc629,charlene.catering,available,32.21,32.21,medium,low,8,dynadot,,,30/09/2026 21:03
dec4fd4f-3113-4e73-8f42-6ac53172d490,nooky.catering,available,38.99,38.99,medium,low,5,namesilo,,,18/08/2026 17:29
a459f124-516a-4fa0-a3af-215e6767bf24,diluvian.catering,available,38.99,38.99,medium,low,8,namesilo,,,14/08/2026 07:51
dd519cab-c9b7-41d0-aa53-8d2b431c0bb0,emblazon.catering,available,38.99,38.99,high,low,8,namesilo,,,24/09/2026 05:09
1544b265-beb9-4ce9-a00e-21ad8f9d2559,orienting.catering,available,40.98,48.98,high,low,9,namecheap,,,04/09/2026 17:56
def7a997-552a-4d5a-8e87-0ef4a2077795,nasdaq.catering,available,38.99,38.99,high,low,6,namesilo,,,28/09/2026 02:27
14fc6cea-4476-4e8d-a6d5-85fb64cb495e,pensions.catering,available,38.99,38.99,medium,low,8,namesilo,,,02/10/2026 02:45
95b044a1-d82c-4102-a9bf-26993b3248f7,obscurity.catering,available,40.98,48.98,high,low,9,namecheap,,,16/09/2026 18:33
d2120024-3450-4b9c-b026-5d9b97fd290d,pounds.catering,available,38.99,38.99,medium,low,6,namesilo,,,18/09/2026 01:51
8e6bd40c-858d-4e5c-bdde-971ace6fe7cc,poetic.catering,available,38.99,38.99,high,low,6,namesilo,,,08/09/2026 22:33
06190ea3-0027-4d60-81f8-58cee52e47a7,ats.catering,available,30.2,30.2,high,low,3,cloudflare,,,29/09/2026 22:45
2e12d361-30b9-4776-9e30-af0dfae57e2d,yeah.catering,available,31.25,31.25,high,low,4,spaceship,,,28/09/2026 16:49
f901b59e-c435-4064-8ecb-20a02b378d3a,btw.catering,available,31.25,31.25,high,low,3,spaceship,,,01/10/2026 04:54
2b01078c-0a8a-4119-9ed9-1614d3e4f65e,disposable.catering,available,38.99,38.99,high,low,10,namesilo,,,14/08/2026 12:03
89d8278f-7f04-4973-9629-f173e71e3f9e,noi.catering,available,38.99,38.99,high,low,3,namesilo,,,29/09/2026 21:37
ddca1dbb-4e75-4a3b-a200-a01a5ad6f4dd,capricious.catering,available,40.98,48.98,medium,low,10,namecheap,,,11/08/2026 18:04
d1a65111-0a2f-47da-bd15-0245761b85bf,cruddy.catering,available,38.99,38.99,medium,low,6,namesilo,,,13/08/2026 08:44
0fd45ec9-95a2-468b-9a72-7e2a933e7cf6,dancer.catering,available,38.99,38.99,high,low,6,namesilo,,,11/09/2026 11:54
eb7ca879-abf0-4da2-a244-17158270f64c,accidents.catering,available,38.99,38.99,medium,low,9,namesilo,,,28/09/2026 05:03
d03add61-08f8-4cd3-a079-4163048c5b22,whirring.catering,available,38.99,38.99,medium,low,8,namesilo,,,13/09/2026 11:28
fdcf0201-a62f-4284-a8c4-e6f270ba05b5,bandmaster.catering,available,38.99,38.99,high,low,10,namesilo,,,22/09/2026 01:26
82b7b078-743f-4d76-bb68-7be7b4c12903,characterize.catering,available,31.41,31.41,high,low,12,porkbun,,,30/09/2026 19:36
2cc8aa29-8730-4405-baa9-e3d6a6819650,apodous.catering,available,38.99,38.99,medium,low,7,namesilo,,,06/08/2026 01:21
a40c8409-78a0-425f-9137-c8191711a0b8,beetles.catering,available,31.25,31.25,medium,low,7,spaceship,,,29/09/2026 23:12
78f31390-bdde-4801-8ccc-65696708b7eb,rentable.catering,available,38.99,38.99,high,low,8,namesilo,,,09/09/2026 14:16
88823fd6-8a44-405a-ade7-cb4c0ebeaa3d,throated.catering,available,38.99,38.99,medium,low,8,namesilo,,,11/09/2026 14:39
72a96ece-623f-407d-a6d8-736e22459828,canned.catering,available,38.99,38.99,high,low,6,namesilo,,,11/08/2026 17:10
0f627263-b9d1-4d4b-88ae-b78e03ba8dcb,anodal.catering,available,38.99,38.99,medium,low,6,namesilo,,,
d762cf8f-2ec3-4732-90c9-0b6bd18b626e,guiltless.catering,available,38.99,38.99,high,low,9,namesilo,,,12/08/2026 10:18
6de83e05-d9fb-44c2-9803-8a8ca178bda2,allophonic.catering,available,38.99,38.99,medium,low,10,namesilo,,,
6e5fe768-111b-4116-811a-04ade237ce9c,theodora.catering,available,31.25,31.25,high,low,8,spaceship,,,30/09/2026 04:52
e740c7ce-b7c2-4e26-90f7-b959d22c8459,blabber.catering,available,38.99,38.99,medium,low,7,namesilo,,,23/09/2026 11:33
acfb43ad-5355-4f53-990a-f8c5dfa052ef,developer.catering,available,30.2,30.2,high,medium,9,cloudflare,,,29/09/2026 14:33
b0943b18-7ffa-4590-9248-09971d182bd6,feetfirst.catering,available,40.98,48.98,medium,low,9,namecheap,,,14/09/2026 18:20
31592275-f54a-4efb-aba6-c38558907aa9,marries.catering,available,31.25,31.25,medium,low,7,spaceship,,,28/09/2026 23:51
f61e461c-3d24-4e58-89c1-72f4937f84b6,ronald.catering,premium,36.32,72.57,medium,low,6,porkbun,,,28/09/2026 11:51
4f86de00-e700-40b6-801c-eba42c0ed130,cadenced.catering,available,38.99,38.99,medium,low,8,namesilo,,,11/08/2026 12:46
6dc9e8a5-10f1-43d3-b96a-4a7bcf3a180f,participant.catering,available,32.21,32.21,high,low,11,dynadot,,,01/10/2026 00:28
49adf82b-edbf-4685-ae5f-d1af88d918cf,family.catering,premium,512,512,high,medium,6,namesilo,,,25/09/2026 12:40
d831a5df-bb84-4cd0-be69-3bc4db4ae6d3,negev.catering,available,32.21,32.21,medium,low,5,dynadot,,,30/09/2026 18:10
163bd304-0773-4f91-8bbe-502ed4a03f32,caloric.catering,available,38.99,38.99,high,low,7,namesilo,,,11/08/2026 15:07
4b025d56-ab24-4cf9-b46f-1703650fae7c,gratuitous.catering,available,38.99,38.99,medium,low,10,namesilo,,,13/08/2026 03:14
31f8c88b-c5c9-4d17-b496-7a4403d97326,sable.catering,available,38.99,38.99,high,low,5,namesilo,,,14/08/2026 23:11
6c2738bd-b1a8-414a-8df6-8b72a51bef7b,chaplin.catering,available,30.2,30.2,high,low,7,cloudflare,,,28/09/2026 18:39
fb69b09f-198b-4306-ba15-8ae67b6dee95,boxed.catering,available,38.99,38.99,high,low,5,namesilo,,,11/08/2026 00:02
cd6712c6-3ea1-4e9b-b8cd-2f44c065b235,surveying.catering,available,38.99,38.99,high,low,9,namesilo,,,01/10/2026 03:58
20ddd0d8-6396-48db-8573-abd8773e870f,unstained.catering,available,40.98,48.98,medium,low,9,namecheap,,,10/09/2026 18:17
a83b5fb5-ba5d-4398-85f4-3e5f05d10fa2,worse.catering,available,38.99,38.99,high,low,5,namesilo,,,28/09/2026 10:56
996d7ce8-a254-419c-9459-acb8d150aec6,blind.catering,available,38.99,38.99,high,low,5,namesilo,,,22/09/2026 21:56
87be726f-0d25-4b12-bcd6-e15ca5d9d9aa,rueful.catering,available,38.99,38.99,medium,low,6,namesilo,,,12/08/2026 23:38
47a56c92-7b33-424e-87ac-1c78e7499184,pita.catering,available,30.2,30.2,high,low,4,cloudflare,,,30/09/2026 06:47
85c450bc-a2af-4fac-9cb5-9621dbfbcfab,silvia.catering,available,31.25,31.25,medium,low,6,spaceship,,,29/09/2026 12:28
b9d2edbe-7b97-4911-b7a8-0737682e6aef,membered.catering,available,40.98,48.98,medium,low,8,namecheap,,,24/08/2026 19:49
3e00c629-7aad-48e0-96e4-33cf7e465b75,boyish.catering,available,38.99,38.99,high,low,6,namesilo,,,11/08/2026 00:04
4fb28f95-56ac-442e-a3a8-5ed2366a3e26,jerry.catering,premium,54.36,108.6,high,low,5,porkbun,,,29/09/2026 00:12
c28c87c8-af07-431d-a7a3-7839a2bd700f,crevice.catering,available,38.99,38.99,high,low,7,namesilo,,,13/08/2026 04:16
95058d5f-0045-4560-b9dd-a9a73f35c1da,low.catering,premium,78.54,78.54,high,low,3,namesilo,,,21/09/2026 13:54
b0fd1f68-4ff9-4d84-a256-5ecf7a424405,milan.catering,premium,,,high,low,5,,,,29/09/2026 07:37
fdf60a21-9d6e-446f-8419-d9f26bc4f5ea,blake.catering,available,38.99,38.99,high,low,5,namesilo,,,24/09/2026 03:45
95935c10-4817-4942-9557-16670125db95,whalebone.catering,available,38.99,38.99,medium,low,9,namesilo,,,21/09/2026 21:50
8dd62f18-7bb9-4917-ad42-a8138cd69ce8,genealogic.catering,available,40.98,48.98,medium,low,10,namecheap,,,18/08/2026 21:22
7bebe7e5-bcd9-450f-8cbf-0f00d190cf7b,nonsteroid.catering,available,38.99,38.99,medium,low,10,namesilo,,,03/09/2026 20:43
6952167e-b573-4a75-9043-337740d09914,pursue.catering,available,30.2,30.2,high,low,6,cloudflare,,,28/09/2026 06:57
a9d5aed9-1cde-4fce-9516-157e13441958,shaking.catering,available,31.25,31.25,medium,low,7,spaceship,,,28/09/2026 09:33
dd781c75-5c43-43d7-98a4-d5580c6a5ece,jas.catering,available,30.2,30.2,high,low,3,cloudflare,,,30/09/2026 04:39
199e3512-0a39-4886-bff3-8ef487bd64ba,han.catering,available,31.25,31.25,high,low,3,spaceship,,,28/09/2026 02:04
9d3c3267-7c4c-43a8-a429-5c1ae39c8f07,holey.catering,available,38.99,38.99,medium,low,5,namesilo,,,21/08/2026 10:23
4db7b673-4e8f-4728-857a-b67644a3832f,marina.catering,available,38.99,38.99,high,low,6,namesilo,,,29/09/2026 07:32
dcf5fa5f-4e2d-4fbd-9532-6035870de8c0,females.catering,available,40.98,48.98,medium,low,7,namecheap,,,18/09/2026 19:27
d5c3d5d1-8d0b-47de-8d68-de6b07c1dd78,sociological.catering,available,38.99,38.99,high,low,12,namesilo,,,02/10/2026 01:58
1fbc81ff-0eb1-4de2-a37d-52d2c7a6208d,uncultured.catering,available,38.99,38.99,medium,low,10,namesilo,,,12/09/2026 06:38
c7ac6722-aa03-40d8-9bb0-0d8a394d348a,reef.catering,available,38.99,38.99,high,low,4,namesilo,,,28/09/2026 10:48
68550178-de1d-4039-aab6-e9d8cc07111d,doggo.catering,available,38.99,38.99,medium,low,5,namesilo,,,14/09/2026 13:35
b23ac927-0ccd-4609-973d-0bb034fb4a86,candidacy.catering,available,38.99,38.99,high,low,9,namesilo,,,29/09/2026 06:17
2de643b3-6204-445c-a537-fdb03b8edfa3,aculeus.catering,available,38.99,38.99,medium,low,7,namesilo,,,17/09/2026 05:33
621cb3bc-8a5d-41a7-97dd-d31748bc1359,speciality.catering,available,38.99,38.99,high,low,10,namesilo,,,18/08/2026 12:32
92339d39-1933-46da-a440-fbc50f8d1e59,disarray.catering,available,38.99,38.99,medium,low,8,namesilo,,,24/09/2026 17:15
eb258ce4-f36f-448a-b6aa-f3a48bf9face,monistic.catering,available,38.99,38.99,medium,low,8,namesilo,,,25/08/2026 04:51
ce6b87ff-64f5-48da-b8f2-ac6be01abf39,andromeda.catering,available,30.2,30.2,high,medium,9,cloudflare,,,28/09/2026 21:22
110fbe56-63a1-4e0f-9b75-c1a47b4a4608,feel.catering,available,31.25,31.25,high,low,4,spaceship,,,29/09/2026 19:07
fc61ea3b-38e9-4aa1-80f6-8f0018687cc6,bunk.catering,available,40.98,48.98,medium,low,4,namecheap,,,03/09/2026 20:32
83b591a0-b344-48bf-95df-886b308f06ef,universities.catering,available,38.99,38.99,medium,low,12,namesilo,,,28/09/2026 08:47
c9d0ccde-83c5-4f49-9cb5-cb2132d5c198,edwin.catering,available,40.98,48.98,medium,low,5,namecheap,,,25/09/2026 05:17
4754472b-3ee8-4f5a-88ed-286aaaf9ed21,kindled.catering,available,38.99,38.99,medium,low,7,namesilo,,,17/08/2026 09:33
122a95ca-01bf-4c12-bb70-7c1fb22ab94b,cognitive.catering,available,38.99,38.99,high,low,9,namesilo,,,12/08/2026 15:58
86f1b7d0-977d-400a-bdf3-ddb83b96137b,ballet.catering,available,38.99,38.99,high,low,6,namesilo,,,21/09/2026 22:51
f44d56fe-85f6-4216-a32c-566b476e90d4,vendue.catering,available,38.99,38.99,medium,low,6,namesilo,,,21/09/2026 02:46
31c41110-8a66-4e80-95c2-81abf362befe,crust.catering,available,40.98,48.98,high,low,5,namecheap,,,24/09/2026 14:05
10d88d96-6365-4e76-a06b-333902b7920c,striker.catering,available,38.99,38.99,high,low,7,namesilo,,,29/09/2026 08:09
d64ffc41-14c3-4c99-aaf6-0b61c18fc2bc,kauai.catering,available,31.25,31.25,high,low,5,spaceship,,,29/09/2026 13:15
a34368c8-4a31-4eef-8638-97ec7aa4f321,rightly.catering,available,38.99,38.99,high,low,7,namesilo,,,15/09/2026 10:16
586f0daa-0dfe-4b0c-ae76-fe12de37e2bd,provinces.catering,available,38.99,38.99,medium,low,9,namesilo,,,18/09/2026 15:35
039eb1cf-f1ed-45c7-b248-265bff7ad288,lamenting.catering,available,40.98,48.98,medium,low,9,namecheap,,,22/08/2026 19:02
54b4ad59-b8cf-4a54-a83a-72d9154acfec,turbinate.catering,available,38.99,38.99,medium,low,9,namesilo,,,12/08/2026 16:20
7326f4d9-eee0-463b-9957-7344e5010bfc,truffle.catering,available,31.25,31.25,high,low,7,spaceship,,,29/09/2026 08:50
e4105074-c9a9-4cac-a6bb-640ce8f5f192,ruptured.catering,available,31.25,31.25,medium,low,8,spaceship,,,29/09/2026 16:06
71d9f2fc-0408-4e28-9f90-100b246457ba,luncheon.catering,premium,108.9,108.9,high,low,8,dynadot,,,29/09/2026 13:43
35510658-a0c2-4b97-9013-03570d56ee80,rival.catering,available,38.99,38.99,high,low,5,namesilo,,,28/09/2026 05:26
44b4f31f-5cb1-44fc-926f-d8f039428511,produce.catering,available,38.99,38.99,high,low,7,namesilo,,,29/09/2026 20:43
fc1452ac-2cd3-454f-a941-93401d393378,actium.catering,available,38.99,38.99,medium,low,6,namesilo,,,17/09/2026 05:08
1259ed7a-c91f-4b8d-8194-68218e691344,armet.catering,available,38.99,38.99,medium,low,5,namesilo,,,20/09/2026 06:49
296562c4-1fd2-4194-93d8-4157bcded9f8,abatic.catering,available,38.99,38.99,medium,low,6,namesilo,,,
437a0324-abfd-485b-bd3b-5c45544c2bd9,drastic.catering,available,40.98,48.98,high,low,7,namecheap,,,14/08/2026 18:27
4712a44d-9301-406b-8b80-62a56cd345b0,executor.catering,available,32.21,32.21,high,low,8,dynadot,,,01/10/2026 01:58
670786ff-2bc0-430a-91f8-c25fe8ae4051,behrens.catering,available,38.99,38.99,high,low,7,namesilo,,,23/09/2026 03:56
e2e7d9b9-2150-4aab-945c-bf76e43af47f,bournemouth.catering,available,40.98,48.98,medium,low,11,namecheap,,,29/09/2026 21:53
9d657f4b-5d93-411d-8491-87494d2e6818,vine.catering,premium,72.6,72.6,high,low,4,dynadot,,,28/09/2026 20:45
a3d0ea6d-9c16-4b26-83af-4b77ebc58949,fetish.catering,available,31.41,31.41,high,low,6,porkbun,,,01/10/2026 02:09
2efe1c3c-772c-4759-b569-072b80fdc068,badaga.catering,available,38.99,38.99,medium,low,6,namesilo,,,21/09/2026 16:58
84e36115-a087-4a73-805b-9a1417362960,sirens.catering,available,38.99,38.99,medium,low,6,namesilo,,,21/09/2026 02:34
32c6b2b1-c58a-4876-8f4b-7ab0c2c0323e,improvise.catering,available,40.98,48.98,high,low,9,namecheap,,,21/09/2026 16:45
f612e070-73d3-48b7-b507-21b4dbf382c3,volunteered.catering,available,38.99,38.99,medium,low,11,namesilo,,,28/09/2026 09:06
f23eca02-8013-4f89-bc42-7f3d05563394,albuca.catering,available,38.99,38.99,medium,low,6,namesilo,,,18/09/2026 03:19
ea0e44d8-f410-4158-a3e8-bfe5cf7ad514,minors.catering,available,31.25,31.25,high,low,6,spaceship,,,29/09/2026 18:08
190acc09-a8f7-4410-b944-4e8ac50e190b,limousine.catering,available,30.2,30.2,high,low,9,cloudflare,,,30/09/2026 10:27
0406c86f-2816-4435-b366-85fd8fa20f63,kamehameha.catering,available,40.98,48.98,medium,low,10,namecheap,,,30/09/2026 12:36
f10edc56-c84e-47a4-b25e-33fe9a3caa0c,requested.catering,available,31.41,31.41,high,low,9,porkbun,,,27/09/2026 12:02
b24310c9-e33d-4840-8e2e-f165c9a45b35,peripheral.catering,available,38.99,38.99,high,low,10,namesilo,,,08/09/2026 17:14
8bb85b15-251d-41e0-83ee-40c9222bf487,minute.catering,available,38.99,38.99,high,low,6,namesilo,,,25/09/2026 09:28
b143c403-1d8b-4bd2-a158-f0181c0198e6,evening.catering,available,38.99,38.99,high,low,7,namesilo,,,24/09/2026 15:27
f787b437-8d5b-41e5-8152-e7344d9cccc3,accentuate.catering,available,38.99,38.99,high,low,10,namesilo,,,16/09/2026 21:56
4919b3d6-7431-47c2-a44f-b651943d355b,sagely.catering,available,38.99,38.99,medium,low,6,namesilo,,,16/09/2026 00:31
2d117b4e-4885-4208-8c4f-579a3a5c0e5c,listeners.catering,available,31.25,31.25,medium,low,9,spaceship,,,29/09/2026 17:43
18683444-91ff-40d2-8346-88f515761ba9,journalism.catering,available,38.99,38.99,high,low,10,namesilo,,,30/09/2026 00:56
2c82262f-f9bd-43af-b575-227213d31052,tribade.catering,available,38.99,38.99,medium,low,7,namesilo,,,23/08/2026 00:20
d9b42031-a9cf-4173-a6ca-088b57e5ad77,knockabout.catering,available,38.99,38.99,medium,low,10,namesilo,,,22/08/2026 16:33
c6891b41-f2ea-40bc-a78b-5fedea86feda,spoils.catering,available,38.99,38.99,high,low,6,namesilo,,,30/09/2026 06:19
359852fb-ca0d-4ebe-94e3-50eb90a3fea0,baxter.catering,available,40.98,48.98,high,low,6,namecheap,,,28/09/2026 03:39
d81c608e-5c7c-4cee-b444-840c91bffbca,digital.catering,resell,,,high,medium,7,"GoDaddy.com, LLC",03/05/2020 02:57,03/05/2027 02:57,01/10/2026 07:41
d069ef62-fe8e-4d63-8f8a-41b9b3cf0dbc,out.catering,premium,68.51,68.51,high,low,3,spaceship,,,30/09/2026 17:39
35ff9edb-fef0-4710-8086-647b82d8822a,downstair.catering,available,40.98,48.98,medium,low,9,namecheap,,,14/08/2026 17:57
e5fb9370-aba7-4a62-9271-2f49847f047a,kirkwood.catering,available,38.99,38.99,high,low,8,namesilo,,,29/09/2026 10:55
58f464b2-08c0-4072-9e7c-110a2b270780,zesty.catering,available,40.98,48.98,high,low,5,namecheap,,,08/08/2026 20:02
da0d161c-e695-423d-8f8a-da69a6394b65,crumbly.catering,available,38.99,38.99,medium,low,7,namesilo,,,13/08/2026 09:02
e7001d64-3ff8-4700-9e12-a3f7000fb2c1,dilatory.catering,available,38.99,38.99,medium,low,8,namesilo,,,14/08/2026 07:31
63276dc5-8d5d-4a38-a555-71a0f3ed1e39,clowns.catering,available,30.2,30.2,medium,low,6,cloudflare,,,30/09/2026 07:41
01e1e66d-291d-48ed-836a-26c6e8391395,inglorious.catering,available,40.98,48.98,medium,low,10,namecheap,,,21/08/2026 18:25
990e5cb5-057e-4dd7-8728-d4d8792019a6,coherent.catering,available,38.99,38.99,high,low,8,namesilo,,,12/08/2026 16:00
47559491-267d-4e4c-addc-72e49f8478f2,hey.catering,premium,82.5,,high,medium,3,name.com,,,30/09/2026 23:17
979af32c-9e8a-4bdd-8f63-331ebc71b270,ecologic.catering,available,38.99,38.99,high,low,8,namesilo,,,10/08/2026 02:32
121c96b7-f08b-4944-804e-f4416c157911,abjurer.catering,available,38.99,38.99,medium,low,7,namesilo,,,16/09/2026 16:02
3c1f6ecf-571e-48a9-83d8-050e29fe102d,turing.catering,available,38.99,38.99,high,low,6,namesilo,,,18/09/2026 01:45
01df32b0-09f1-4e32-a25c-c934f53e26d7,specify.catering,available,32.21,32.21,high,low,7,dynadot,,,29/09/2026 20:40
4fb1df9a-4680-41a8-b7e8-fd99a60920f6,towed.catering,available,46.99,,medium,low,5,name.com,,,
eb41f751-3ef9-4581-bda4-c9f4909ae3eb,lyrics.catering,available,38.99,38.99,high,low,6,namesilo,,,
67f35148-13e7-4215-ad27-a375d3ad6372,suction.catering,available,30.2,30.2,high,low,7,cloudflare,,,29/09/2026 14:01
b6b89998-802c-47d1-86dd-7585a231eb59,forests.catering,available,38.99,38.99,medium,low,7,namesilo,,,18/09/2026 06:04
10cefbbe-8e4e-42d5-a194-b6070b81f479,astrometry.catering,available,40.98,48.98,medium,low,10,namecheap,,,20/09/2026 17:53
5e8f0a9a-20c8-4f79-885d-b36081653317,abashed.catering,available,38.99,38.99,medium,low,7,namesilo,,,
0fd0d372-7cec-421d-a855-69c679b2eb74,equality.catering,available,32.21,32.21,high,low,8,dynadot,,,28/09/2026 19:07
9ef95059-b635-44c8-a2f3-5efc84e266ae,perforation.catering,available,46.99,,medium,low,11,name.com,,,
632f5753-4f73-44f0-8ff0-77179d61d08f,pretender.catering,available,40.98,48.98,high,low,9,namecheap,,,08/09/2026 19:12
639e5164-e7b1-4ede-a2e9-34f75638dad0,temperatures.catering,available,30.2,30.2,medium,low,12,cloudflare,,,29/09/2026 10:24
dd8dce84-7891-4724-babc-f71b642333c1,connelly.catering,available,31.25,31.25,medium,low,8,spaceship,,,29/09/2026 04:23
6f22c236-174d-463f-b189-992f0bbf8d22,cao.catering,available,38.99,38.99,high,low,3,namesilo,,,25/09/2026 14:36
802d22ff-c105-4558-a618-464befc342f3,sinaloa.catering,available,31.25,31.25,medium,low,7,spaceship,,,30/09/2026 05:06
1a798467-0065-4130-ad8b-3d384ab65635,separating.catering,available,31.25,31.25,high,low,10,spaceship,,,29/09/2026 08:48
c1de0a6c-3391-40f6-b072-1320d0597954,stein.catering,available,40.98,48.98,high,low,5,namecheap,,,23/09/2026 01:47
952970f6-98ec-4c4a-8a91-8092a7bd2dbf,drab.catering,available,38.99,38.99,medium,low,4,namesilo,,,14/08/2026 11:43
1af0bf2a-6033-4524-b4fb-d4fe475ef930,cuts.catering,available,40.98,48.98,high,low,4,namecheap,,,19/09/2026 00:14
05ee5cc1-7ec1-4f86-a401-b265fa45f9ed,mono.catering,available,46.99,50.99,high,medium,4,name.com,,,25/09/2026 21:33
619ee884-31d2-4f9b-b343-00bee9691d79,career.catering,premium,242,242,high,low,6,namesilo,,,29/09/2026 05:57
9f48c151-4215-4dea-b009-5f88beb18e95,rats.catering,available,40.98,48.98,high,low,4,namecheap,,,01/10/2026 05:56
9d00ada9-1a67-43da-a6e5-3728dc0f87bd,accrued.catering,available,38.99,38.99,medium,low,7,namesilo,,,
87402c53-3ee3-440a-9e7b-ffca4b5c5a76,excites.catering,available,38.99,38.99,medium,low,7,namesilo,,,20/09/2026 13:19
0f51d243-affb-4c0e-aff4-9c30b2cb01b4,renewing.catering,available,38.99,38.99,high,low,8,namesilo,,,09/09/2026 14:06
7aa6255a-a8cc-4da4-9621-3585ca73e1c6,criterial.catering,available,38.99,38.99,medium,low,9,namesilo,,,13/08/2026 07:27
e1c3a0d3-e7f3-44a2-8b7d-3def70bb893e,rod.catering,available,30.2,30.2,high,low,3,cloudflare,,,29/09/2026 20:44
df91aee9-e6f4-407a-a5b1-7f1da963bb7c,casual.catering,premium,42.9,42.9,high,low,6,namecheap,,,23/09/2026 13:14
9ce9b1bd-4c76-495e-842f-eba2624412d4,balaton.catering,available,40.98,48.98,medium,low,7,namecheap,,,21/09/2026 21:18
9d39c46c-9857-4fc8-9a16-1c896f9f191c,abstention.catering,available,40.98,48.98,medium,low,10,namecheap,,,16/09/2026 18:27
39a822f7-4f24-44bb-a37f-2b1114fc88f4,pale.catering,available,38.99,38.99,medium,low,4,namesilo,,,27/09/2026 02:35
094570f9-4f38-4d61-81fd-8422a19d758e,brutal.catering,available,38.99,38.99,medium,low,6,namesilo,,,08/08/2026 15:45
75571f22-81c8-415c-9d58-4e6a58bded8e,sara.catering,premium,85.8,85.8,high,low,4,namecheap,,,25/09/2026 21:30
71e3ae0b-4e28-4e59-b1f1-3c42e17caf31,cowell.catering,available,30.2,30.2,medium,low,6,cloudflare,,,29/09/2026 22:25
26975ac1-25df-4246-8019-df3d57fbd716,hedges.catering,available,31.25,31.25,medium,low,6,spaceship,,,30/09/2026 04:31
dfbea477-9bf3-41a6-ae53-be78e01edb70,thong.catering,available,40.98,48.98,high,low,5,namecheap,,,29/09/2026 20:22
ecbeaf24-3493-423e-a4ab-a2c5a055f26e,abbots.catering,available,31.25,31.25,medium,low,6,spaceship,,,30/09/2026 14:11
0e8e9f72-bba6-4611-aa18-0068a2154bec,rushed.catering,available,38.99,38.99,high,low,6,namesilo,,,27/09/2026 17:29
79e89f91-4fbd-4621-b76d-e0ce856709d0,spying.catering,available,38.99,38.99,high,low,6,namesilo,,,29/09/2026 06:49
7d33d3e1-0225-430d-8ddf-fc565fe10fdd,endlessly.catering,available,38.99,38.99,high,low,9,namesilo,,,14/09/2026 06:09
c0f97e0c-ed2e-4ea5-9cd7-d07a47ee2d73,spelling.catering,available,31.25,31.25,high,low,8,spaceship,,,28/09/2026 03:07
373bd399-9542-45c9-9d0a-9f7bca0541d0,ammunition.catering,available,38.99,38.99,high,low,10,namesilo,,,18/09/2026 22:05
adfadf69-25b1-4441-9521-8b814f1e074d,unlimited.catering,available,38.99,38.99,high,low,9,namesilo,,,25/09/2026 09:27
e097eff7-5149-46cd-a2d1-8366100f95ff,aranea.catering,available,40.98,48.98,medium,low,6,namecheap,,,20/09/2026 00:00
22780d3d-9be7-41b6-adb3-e77acc127e30,receiver.catering,available,32.21,32.21,high,low,8,dynadot,,,28/09/2026 10:40
dc0f970d-68fd-4da8-bad5-04007d08e2bf,plop.catering,available,38.99,38.99,medium,low,4,namesilo,,,15/09/2026 20:39
d8526ecc-7a9e-4228-9c82-30fcb93fde04,require.catering,available,38.99,38.99,high,low,7,namesilo,,,30/09/2026 05:27
5441d2d2-4e57-4b03-8667-aa6530a90b35,sizzling.catering,available,38.99,38.99,high,low,8,namesilo,,,10/09/2026 09:17
8f2e5e4d-c882-4873-9ee6-a6da60c12dff,haarlem.catering,available,38.99,38.99,medium,low,7,namesilo,,,29/09/2026 22:19
e0365d66-bd83-432c-b9ec-6728b36857f6,gangster.catering,available,32.21,32.21,medium,low,8,dynadot,,,28/09/2026 09:51
8a1f96c7-255d-4094-9d80-e35a2db7d322,apanage.catering,available,38.99,38.99,medium,low,7,namesilo,,,19/09/2026 16:12
3c3466e5-01d0-44bc-a972-0e176392525a,reservedly.catering,available,38.99,38.99,medium,low,10,namesilo,,,15/09/2026 23:22
32f05701-079d-4dfa-b49c-be9c8d694bec,shift.catering,available,31.25,31.25,high,medium,5,spaceship,,,27/09/2026 21:11
174c9eae-03b8-4f0f-aac5-f0c04b644011,overs.catering,available,40.98,48.98,medium,low,5,namecheap,,,20/09/2026 10:07
5ecc5f60-da7a-417f-bb64-09f73d385c5f,gypsies.catering,available,30.2,30.2,medium,low,7,cloudflare,,,01/10/2026 16:51
004e0f4f-f726-47aa-b8bd-106782c028f7,eunice.catering,available,31.25,31.25,medium,low,6,spaceship,,,29/09/2026 03:57
303f422f-4452-40f2-b3a6-6a5ad167381c,density.catering,available,31.41,31.41,high,low,7,porkbun,,,29/09/2026 11:57
3fbb6e89-665d-4e1b-8dc9-4e8278d6068f,literate.catering,available,38.99,38.99,high,low,8,namesilo,,,24/08/2026 07:26
9bc8878c-2497-4b7c-b5e2-98b4cdb86b10,csf.catering,available,30.2,30.2,medium,low,3,cloudflare,,,29/09/2026 06:05
65b67bed-830c-4b19-bec2-5dbabf26f0af,appreciative.catering,available,32.21,32.21,high,low,12,dynadot,,,01/10/2026 21:37
990e55cd-ff0a-4d68-986a-4bd0609ff155,scoffing.catering,available,38.99,38.99,medium,low,8,namesilo,,,22/08/2026 12:43
7c8fd8d2-017a-45f1-85da-517501e70361,homoerotic.catering,available,38.99,38.99,medium,low,10,namesilo,,,21/08/2026 12:51
41d043d6-6969-4d37-87fe-f6154f18977a,payroll.catering,available,30.2,30.2,high,low,7,cloudflare,,,28/09/2026 10:41
37c2b527-fb0a-46ae-9d6e-9e038b09ab30,gev.catering,available,31.25,31.25,medium,low,3,spaceship,,,30/09/2026 12:48
a6450aac-540c-47ae-93cf-0e4221f4a09a,bumper.catering,available,40.98,48.98,high,low,6,namecheap,,,24/09/2026 11:09
74e37f97-c404-4b58-9d16-f25e6594feb0,moldable.catering,available,38.99,38.99,medium,low,8,namesilo,,,25/08/2026 03:42
ca31cf08-8224-4ff0-b72b-3b1cbba26dc9,zimmer.catering,available,32.21,32.21,high,low,6,dynadot,,,29/09/2026 02:39
33b6dcfe-e384-49eb-a917-fd2791d6d21c,abradant.catering,available,38.99,38.99,medium,low,8,namesilo,,,
48742c45-0ee0-40d0-b2cd-659e519320aa,quartz.catering,available,38.99,38.99,high,low,6,namesilo,,,30/09/2026 10:24
b8df5e48-0d10-499f-99c5-dde16ddb6a2b,peeled.catering,available,38.99,38.99,medium,low,6,namesilo,,,08/08/2026 18:24
199b7df3-a238-4e8c-9ba4-6e40f4d8e417,counselor.catering,available,38.99,38.99,high,low,9,namesilo,,,28/09/2026 13:47
e155cf56-39c2-46d2-8885-8e08f3d6e385,editions.catering,available,32.21,32.21,high,low,8,dynadot,,,30/09/2026 15:12
9138d91f-01a2-47ff-9b75-40fb23b7a915,crucified.catering,available,30.2,30.2,medium,low,9,cloudflare,,,30/09/2026 06:13
e1370cc2-33fa-45f7-9255-ed247f3a742d,sons.catering,available,38.99,38.99,medium,low,4,namesilo,,,27/09/2026 09:28
33249b0b-7f03-4119-9886-c69df9c9f77d,improving.catering,available,38.99,38.99,high,low,9,namesilo,,,21/08/2026 23:17
fcb82084-9305-4a8e-9d51-42a1ea8b278d,chilled.catering,available,38.99,38.99,high,low,7,namesilo,,,30/09/2026 12:12
20443fdf-0a5b-4743-92c7-5d299d3f4770,adults.catering,available,40.98,48.98,medium,low,6,namecheap,,,27/09/2026 09:52
733da1af-37af-49f4-878e-2376edf2b83a,authorial.catering,available,38.99,38.99,medium,low,9,namesilo,,,07/08/2026 16:19
61686b4a-7270-4b34-bb0a-f57a60a2ea35,engagement.catering,available,40.98,48.98,high,low,10,namecheap,,,25/09/2026 10:18
6cdd6eed-62f4-467b-b7c4-8a5611945b73,towns.catering,available,32.21,32.21,high,low,5,dynadot,,,28/09/2026 07:32
77f8378b-8316-43cb-b030-bd86a80e8f04,voluntarily.catering,available,38.99,38.99,high,low,11,namesilo,,,01/10/2026 05:44
b0f99318-4ba5-4420-99c2-1828815f5229,trussed.catering,available,38.99,38.99,medium,low,7,namesilo,,,11/09/2026 15:47
73bcc22a-1bce-4b6a-b8cc-9f73ce091827,happier.catering,available,38.99,38.99,high,low,7,namesilo,,,18/09/2026 06:17
b0d72a14-a549-4a62-b375-b0910c82da43,crushed.catering,available,38.99,38.99,high,low,7,namesilo,,,13/08/2026 09:11
807ff999-3eb8-4022-a41b-fdf71f5a7fd1,pond.catering,available,38.99,38.99,high,low,4,namesilo,,,27/09/2026 15:18
3118e8c4-e6f7-45a5-8a01-6a729f3e8e41,aqueous.catering,available,38.99,38.99,medium,low,7,namesilo,,,06/08/2026 10:50
548cc1fd-f18c-4c12-95b5-e751caca0bd1,wilfrid.catering,available,31.25,31.25,medium,low,7,spaceship,,,29/09/2026 09:35
0215884c-f365-45b8-a4d2-f5fdadcdb50a,mashhad.catering,premium,82.5,82.5,medium,low,7,name.com,,,24/08/2026 20:59
f8d8f7fc-dfa3-41cc-8d28-4dc2a55bd5be,genesis.catering,available,31.25,31.25,high,medium,7,spaceship,,,29/09/2026 03:33
24ae455e-ae34-482b-8f8e-05b5fe7efb20,shunning.catering,available,38.99,38.99,medium,low,8,namesilo,,,21/09/2026 09:50
894748d9-1a8e-48f6-b65c-fc9b0a46092d,landslide.catering,available,38.99,38.99,high,low,9,namesilo,,,30/09/2026 02:07
f050312e-597c-41b8-96e8-cf2a123eb47b,iaa.catering,available,38.99,38.99,medium,low,3,namesilo,,,17/09/2026 07:22
0800c470-8cda-4fa4-9061-9f734515a288,proficiency.catering,available,38.99,38.99,high,low,11,namesilo,,,
9abb071a-0add-4e09-9b73-f2f2e1346217,eustace.catering,available,40.98,48.98,medium,low,7,namecheap,,,29/09/2026 15:27
1786f1a2-d7bc-4652-a401-57606c958119,blackfoot.catering,available,38.99,38.99,medium,low,9,namesilo,,,24/09/2026 02:17
b3844f34-6ad7-41c6-8cea-b32d4090a051,pokey.catering,available,38.99,38.99,medium,low,5,namesilo,,,14/08/2026 07:36
9fd6dd09-4acf-4044-9a75-4ff10c14306e,belatedly.catering,available,40.98,48.98,medium,low,9,namecheap,,,22/08/2026 20:25
0c4d044e-fbed-430e-82fc-327c230ce624,references.catering,available,40.98,48.98,high,low,10,namecheap,,,18/09/2026 16:07
63f5a2a3-cc50-4a02-91a5-5b8baf4a98ee,rosemary.catering,premium,,,high,low,8,,,,28/09/2026 10:51
c74b2c58-1c1d-4a09-b4de-4c126a04561c,musty.catering,available,38.99,38.99,medium,low,5,namesilo,,,18/08/2026 16:44
e5ffa3dc-b3c6-42b7-bb47-366733000379,plodder.catering,available,40.98,48.98,medium,low,7,namecheap,,,10/09/2026 20:23
f967f8d4-15ed-4dd2-9386-c94fdbbb01de,kali.catering,available,40.98,48.98,high,low,4,namecheap,,,22/09/2026 05:54
1a703700-57ee-4fc8-9c03-4d966c57f567,boisterous.catering,available,38.99,38.99,medium,low,10,namesilo,,,10/08/2026 17:38
de54075c-8eda-454f-989a-caa9acdbd1ea,wristband.catering,available,38.99,38.99,high,low,9,namesilo,,,24/09/2026 07:49
aac97b4b-69ac-4ef3-b4f7-7f530aff806b,enjoyable.catering,available,38.99,38.99,high,low,9,namesilo,,,17/08/2026 09:17
d6af6e86-7474-478c-9172-2e5d3995bea3,simms.catering,available,31.25,31.25,medium,low,5,spaceship,,,28/09/2026 16:38
bd2d52b3-3771-4c9b-9aeb-1f3b64e76170,saurian.catering,available,40.98,48.98,medium,low,7,namecheap,,,22/08/2026 17:55
d2ba4faf-bd3c-47fd-87f0-c5729eb78a96,menial.catering,available,40.98,48.98,medium,low,6,namecheap,,,24/08/2026 20:12
c0fe2daf-c4a9-4724-a975-a55e5923b84b,new.catering,premium,118.8,118.8,high,medium,3,namesilo,,,24/09/2026 21:46
41cd8f43-9dc6-4c01-9727-d5e02898d3c0,insisted.catering,available,31.25,31.25,medium,low,8,spaceship,,,27/09/2026 23:35
899ac10e-9bad-4a8e-949e-c1e01f95ea21,swastika.catering,available,38.99,38.99,medium,low,8,namesilo,,,29/09/2026 21:59
2debd33e-9758-4a62-bf7e-047178c5d795,abbie.catering,available,30.2,30.2,high,low,5,cloudflare,,,02/10/2026 00:07
b2b0e617-d10a-443b-9a07-d78496751e8d,cumulous.catering,available,38.99,38.99,medium,low,8,namesilo,,,13/08/2026 10:30
5475919a-2c9e-478e-b33d-1ffd12b34f2d,ingrowing.catering,available,38.99,38.99,medium,low,9,namesilo,,,22/08/2026 04:54
0ce4fae1-1d06-4be0-9bb9-1bf32b7e7c4d,bavarian.catering,premium,118.8,118.8,medium,low,8,namesilo,,,09/08/2026 02:00
1a6861a2-8184-4ed1-bfd7-a5dd0f972ba6,scores.catering,available,38.99,38.99,high,low,6,namesilo,,,14/09/2026 23:23
e75a7fed-45e5-4405-9459-6282362736e9,despair.catering,available,32.21,32.21,medium,low,7,dynadot,,,28/09/2026 09:31
2c7e7bc6-2e29-4f67-96b2-e1c2e70654d4,academic.catering,available,38.99,38.99,high,low,8,namesilo,,,21/09/2026 15:21
596dc2b9-0006-458d-b56d-a09e5f097e8f,wiring.catering,available,38.99,38.99,high,low,6,namesilo,,,30/09/2026 14:45
2a91ac5f-3caa-477b-ab76-e9125a263148,copular.catering,available,38.99,38.99,medium,low,7,namesilo,,,13/08/2026 00:38
344f7298-be62-40b0-98c1-83462d24d7c0,bradstreet.catering,available,40.98,48.98,medium,low,10,namecheap,,,19/09/2026 10:16
066bbddc-8e11-4ebd-9054-4d996a0b0e5a,introducing.catering,available,40.98,48.98,medium,low,11,namecheap,,,17/09/2026 20:59
2a66d5f7-155d-44bc-ad84-9a9e20dcfb9f,kidd.catering,available,38.99,38.99,high,low,4,namesilo,,,28/09/2026 01:23
0bb3bfd2-be64-48d5-b00b-e62fe9abbe1b,reptile.catering,available,38.99,38.99,high,low,7,namesilo,,,09/09/2026 14:41
d506dd98-d118-49d4-ac4d-8e7b0bdad80b,ontogeny.catering,available,40.98,48.98,medium,low,8,namecheap,,,20/08/2026 20:29
1c6e1557-6220-4ab5-bf76-a7ff7b011771,hop.catering,available,38.99,38.99,high,low,3,namesilo,,,25/09/2026 07:30
a4bca317-2585-4ca8-ae00-0c6be2136ac5,physic.catering,available,31.25,31.25,medium,low,6,spaceship,,,28/09/2026 07:44
6dd85fee-67e0-4a63-955b-ebfe2167dcfa,comal.catering,available,40.98,48.98,medium,low,5,namecheap,,,12/08/2026 18:23
baaa196a-c944-4579-9e9d-09a7a50ae0d7,bilby.catering,available,38.99,38.99,medium,low,5,namesilo,,,23/09/2026 15:40
4e9175c2-6317-4f0e-86aa-83fd98ad9a27,epirus.catering,available,31.25,31.25,medium,low,6,spaceship,,,30/09/2026 09:34
4c063262-2e4a-48ca-9d47-86c0d32235a3,bromic.catering,available,38.99,38.99,medium,low,6,namesilo,,,11/08/2026 05:32
5aa06e43-8635-42c9-8cdb-c83d8ccd5bc2,deferent.catering,available,38.99,38.99,medium,low,8,namesilo,,,13/08/2026 23:17
5343b94b-88c8-4a8f-8ca3-09c4d8e239b7,lewiston.catering,available,38.99,38.99,medium,low,8,namesilo,,,28/09/2026 14:42
7767d3b2-fba1-4c67-8726-480a237b66f6,predicates.catering,available,31.41,31.41,low,low,10,porkbun,,,30/09/2026 15:08
8e24f0ea-c3c5-4743-a57f-ea98e3c9414b,sonsy.catering,available,38.99,38.99,medium,low,5,namesilo,,,10/08/2026 20:35
a8a83cbc-abb4-4a24-9ee7-3c61d05bfcf2,deniable.catering,available,38.99,38.99,medium,low,8,namesilo,,,14/08/2026 01:50
36981e83-30ff-4fe8-b743-575aea22719b,brits.catering,available,38.99,38.99,medium,low,5,namesilo,,,11/08/2026 04:46
acd588ef-e164-4547-a561-3a95ed3a62d5,soaker.catering,available,38.99,38.99,medium,low,6,namesilo,,,
e6088bec-bbc8-4867-bb01-9f4ad61a4198,bum.catering,available,38.99,38.99,medium,low,3,namesilo,,,09/08/2026 10:49
51aca977-afa5-47c8-8512-56fa015328dc,row.catering,available,38.99,38.99,high,low,3,namesilo,,,25/09/2026 05:05
e090cc0a-52e9-49cf-a73b-4d5b9daa5e2d,assuage.catering,available,38.99,38.99,high,low,7,namesilo,,,18/08/2026 22:06
c9b7c373-90e6-4f3e-b44a-6d0f5aadead8,totalizer.catering,available,38.99,38.99,medium,low,9,namesilo,,,17/09/2026 06:58
11b1cb0c-b6eb-417f-9579-36d90598878f,pendant.catering,available,38.99,38.99,high,low,7,namesilo,,,08/09/2026 14:12
9d7d767a-71d1-4383-9c9f-39976d15097a,proofs.catering,available,38.99,38.99,medium,low,6,namesilo,,,18/09/2026 06:55
c97e5722-21e2-4146-9f46-4b9abcd580e3,send.catering,available,31.41,31.41,high,medium,4,porkbun,,,29/09/2026 04:28
8f0ea5e3-d4ef-4280-896a-52baafbc1f2f,digitiser.catering,available,38.99,38.99,high,low,9,namesilo,,,19/09/2026 01:52
3423f043-edfa-4d82-aa8c-d3727bb35274,everest.catering,available,30.2,30.2,high,low,7,cloudflare,,,01/10/2026 01:59
8a50b3c5-95dc-4cc6-b69b-df3669260a2f,banns.catering,available,38.99,38.99,medium,low,5,namesilo,,,22/09/2026 02:56
eef345dd-ed94-4e50-ab06-f9efc94d5ec5,maureen.catering,available,31.25,31.25,medium,low,7,spaceship,,,27/09/2026 19:11
e211bc8e-5a90-4a5a-bf68-1f74c97e075e,involuntary.catering,available,40.98,48.98,medium,low,11,namecheap,,,30/09/2026 11:32
591cebf4-6b26-4661-8588-597127bd03fb,salzburg.catering,available,38.94,38.94,high,low,8,namesilo,,,28/09/2026 03:02
ac7a44dd-487b-4428-a1d8-58ab386cfe01,excursive.catering,available,38.99,38.99,medium,low,9,namesilo,,,17/08/2026 16:39
9b2582dd-9408-4ce6-befe-c25b78ad58c6,sorbonne.catering,available,31.25,31.25,medium,low,8,spaceship,,,28/09/2026 20:07
f47dfb38-0098-4ccf-8967-81b2932853e4,agential.catering,available,38.99,38.99,medium,low,8,namesilo,,,
8a1f07f1-49f6-4492-84b7-a2a21ccef774,hackmatack.catering,available,46.99,50.99,medium,low,10,name.com,,,22/09/2026 00:09
f3e8f2b6-4ca8-4e8c-a590-d174d3f0585c,differential.catering,available,31.25,31.25,high,low,12,spaceship,,,29/09/2026 21:05
91ad95e0-3a27-4025-990b-abcc65216f2e,sestet.catering,available,38.99,38.99,medium,low,6,namesilo,,,
e1adcc8b-fc16-4124-b3a4-6051162f0f42,offices.catering,available,38.99,38.99,medium,low,7,namesilo,,,18/09/2026 05:07
5a1d9678-7a78-4116-90b7-e4a7d6f45a8d,models.catering,available,38.99,38.99,high,low,6,namesilo,,,27/09/2026 10:25
10045e3d-bebc-489a-b0f6-ce42bef1b060,wetlands.catering,available,40.98,48.98,medium,low,8,namecheap,,,30/09/2026 14:22
88f3d1a4-729e-43ad-9c29-05dbeed50d18,mla.catering,available,31.25,31.25,high,low,3,spaceship,,,28/09/2026 03:26
184059c3-63f0-4142-a7dc-ffb7fe7363f5,iatrogenic.catering,available,38.99,38.99,medium,low,10,namesilo,,,21/08/2026 17:30
7c85d948-f63a-4216-a0a4-a41310876cd0,blindly.catering,available,38.99,38.99,medium,low,7,namesilo,,,14/09/2026 00:21
03dac04d-b920-4765-8b94-0a7a5658322f,vise.catering,available,38.99,38.99,medium,low,4,namesilo,,,23/09/2026 07:37
9d58d7fc-f105-4a57-99f3-fd180c8d6358,bipolar.catering,available,38.99,38.99,high,low,7,namesilo,,,10/08/2026 05:30
0523eea8-13c6-4d09-845e-d2525f7eb00f,equations.catering,available,38.99,38.99,medium,low,9,namesilo,,,18/09/2026 12:39
a5f82ac2-ba12-4238-9225-4f8674258525,corporations.catering,available,31.25,31.25,medium,low,12,spaceship,,,29/09/2026 11:23
a1d883b8-3de6-4b43-97d9-becf94877f31,commands.catering,available,40.98,48.98,medium,low,8,namecheap,,,28/09/2026 17:45
529ac8f4-8aa9-44a2-a8ca-3b436015a770,acquiesce.catering,available,40.98,48.98,medium,low,9,namecheap,,,20/09/2026 16:11
35b5c0de-2834-457e-a23b-d5ef44396290,someways.catering,available,38.99,38.99,medium,low,8,namesilo,,,15/09/2026 06:48
381ab677-84d1-4486-9d0c-ef868baf6699,albinotic.catering,available,38.99,38.99,medium,low,9,namesilo,,,
32a8de98-736d-4492-b5a5-879aabe48ea4,exhaustion.catering,available,31.41,31.41,medium,low,10,porkbun,,,29/09/2026 13:24
78479c30-d85e-4210-9e90-09676c2b6091,ballpen.catering,available,38.99,38.99,medium,low,7,namesilo,,,21/09/2026 23:22
8d94923c-6597-4590-aecf-11e85e52cfed,blade.catering,available,40.98,48.98,high,low,5,namecheap,,,24/09/2026 03:32
beb1f374-2c2c-4d3d-8245-32b7e56a2296,deducible.catering,available,38.99,38.99,medium,low,9,namesilo,,,13/08/2026 22:25
cbc58e4b-e333-48aa-9d6c-a44b1e751cfa,superiority.catering,available,31.25,31.25,high,low,11,spaceship,,,29/09/2026 16:23
f2d1cf8b-852e-4d8c-8ab9-e5344a8ad825,masters.catering,available,38.99,38.99,high,low,7,namesilo,,,29/09/2026 17:44
46100c45-4981-4abc-9a47-9571ca44dde5,died.catering,available,38.99,38.99,low,low,4,namesilo,,,
741b3afa-e5ce-43e8-a7e4-d327982b8726,goldfish.catering,available,38.99,38.99,high,low,8,namesilo,,,24/09/2026 12:44
21b7b604-f79e-411e-9855-8fc0e55e2664,anteater.catering,available,38.99,38.99,high,low,8,namesilo,,,16/09/2026 13:25
dd2f86df-e1ad-42d2-92dc-594f98309559,acceleration.catering,available,31.25,31.25,high,low,12,spaceship,,,30/09/2026 05:46
26384c3d-0610-4c4c-a1e1-65403b31d35b,squeezing.catering,available,31.25,31.25,high,low,9,spaceship,,,30/09/2026 18:49
a9c923a4-5dfb-43d3-8237-5c7a0428e17c,athar.catering,available,40.98,48.98,high,low,5,namecheap,,,20/09/2026 19:25
11392c10-1655-4b1d-bc66-b5ca134d1489,herefordshire.catering,available,38.99,38.99,medium,low,13,namesilo,,,01/10/2026 07:50
cf5d55cf-b5f8-4d08-ae90-667fb212c0a1,seating.catering,available,38.99,38.99,high,low,7,namesilo,,,29/09/2026 02:06
a453a734-97e1-4dbc-b702-dc7643861305,offensive.catering,available,38.99,38.99,high,low,9,namesilo,,,14/08/2026 22:05
c1f1d139-9690-4386-beee-138bd40d027f,philosophical.catering,available,31.41,31.41,high,low,13,porkbun,,,29/09/2026 08:37
8d24b4d1-593b-4b58-bdd1-abe96a3a08e0,neighbors.catering,available,38.99,38.99,high,low,9,namesilo,,,18/09/2026 09:55
0f9f750f-8f59-4daf-a71b-1748b0c7598b,physicist.catering,available,31.25,31.25,high,low,9,spaceship,,,29/09/2026 19:58
b3f57512-0bcb-4e55-8d0e-52f400754b6f,incurable.catering,available,38.99,38.99,medium,low,9,namesilo,,,22/08/2026 02:06
5e135a0f-7248-44d6-b592-d752396886c0,doubling.catering,available,38.99,38.99,high,low,8,namesilo,,,29/09/2026 16:36
b5d2e3f2-8e47-4cb7-a739-5f9c833c63ef,metaphysical.catering,available,38.99,38.99,medium,low,12,namesilo,,,02/10/2026 01:18
e1a419e0-c584-4921-955e-7c9a16b06c04,drearily.catering,available,38.99,38.99,medium,low,8,namesilo,,,14/09/2026 13:12
9b213d62-b586-4390-9cce-66e4e40dbf1b,townsite.catering,available,38.99,38.99,high,low,8,namesilo,,,30/09/2026 12:32
3e596b9a-9174-4924-81b1-e7e1d58e53c3,haphazard.catering,available,38.99,38.99,medium,low,9,namesilo,,,20/08/2026 23:46
c30dd82f-11e8-4e7b-ad1b-f17a5dd25138,widget.catering,available,38.99,38.99,high,low,6,namesilo,,,19/09/2026 21:50
dbe1671c-1c96-48d7-b56b-136aa96be6bc,smells.catering,available,31.25,31.25,low,low,6,spaceship,,,28/09/2026 08:33
89be2c47-eaac-4808-b9ac-9277bffc95e8,amen.catering,available,40.98,48.98,high,low,4,namecheap,,,18/09/2026 18:25
3036298b-81e6-4230-90af-df729ac60438,stunting.catering,available,38.99,38.99,medium,low,8,namesilo,,,17/09/2026 12:54
522b49d1-2657-4e89-8ba2-a035e2f1a1be,humiliated.catering,available,38.99,38.99,medium,low,10,namesilo,,,21/08/2026 15:03
27e971f9-c641-4a9b-883b-7c5a8565bd4d,superiors.catering,available,30.2,30.2,medium,low,9,cloudflare,,,29/09/2026 05:50
75057aef-4fc8-4882-bf4b-5f8bda02e82d,better.catering,resell,38.99,38.99,high,medium,6,"GoDaddy.com, LLC",04/08/2026 13:53,04/08/2027 13:53,26/09/2026 04:23
aed168d4-d5e8-45eb-bb06-ba76dbcec9d9,gibson.catering,available,40.98,48.98,high,low,6,namecheap,,,18/09/2026 14:55
8969c294-9a90-4dd4-bbf5-95e0d191d32b,immorality.catering,available,38.99,38.99,medium,low,10,namesilo,,,17/08/2026 15:04
8bf2f629-206a-4c14-a103-5c59da0e1f1e,castrate.catering,available,38.99,38.99,medium,low,8,namesilo,,,16/08/2026 07:07
4c256c1f-3077-4d0d-8e1b-8c5cf5cd5338,airfield.catering,available,38.99,38.99,high,low,8,namesilo,,,17/09/2026 23:09
b635ebf8-e508-4bad-9958-e3a42bb540fb,buoyant.catering,available,38.99,38.99,high,low,7,namesilo,,,11/08/2026 10:06
baa77de6-cafe-415e-8566-dada04dea622,sigmund.catering,available,31.25,31.25,medium,low,7,spaceship,,,28/09/2026 11:40
797e3fbc-f19b-46dc-a62b-c696f6eb6874,stretchy.catering,available,38.99,38.99,high,low,8,namesilo,,,10/09/2026 22:32
67e25554-5284-4d7c-ad10-aaafb6cf4dd0,aplitic.catering,available,38.99,38.99,medium,low,7,namesilo,,,06/08/2026 00:35
77cd1ac1-2ed1-4e65-8183-9274bf180983,babinski.catering,available,38.99,38.99,medium,low,8,namesilo,,,21/09/2026 12:44
000978da-ee8c-464b-b228-b2fcfa2b5016,ulcer.catering,available,31.25,31.25,medium,low,5,spaceship,,,30/09/2026 11:13
4d907902-c801-4463-9ede-bec11610b2bc,homecoming.catering,available,31.25,31.25,high,low,10,spaceship,,,28/09/2026 19:27
13c93055-4c65-4b96-80bf-b736a3c45a1b,lightsome.catering,available,38.99,38.99,high,low,9,namesilo,,,10/08/2026 14:41
96bd5d13-bd28-416e-acc7-3a3af125abe0,batrachian.catering,available,38.99,38.99,medium,low,10,namesilo,,,05/08/2026 20:53
388d3d65-1b9a-4e04-b720-36552c1927f2,sixpenny.catering,available,38.99,38.99,medium,low,8,namesilo,,,10/09/2026 09:06
c0d134d3-3ce5-4607-b16f-179097c6add8,scc.catering,available,31.25,31.25,high,low,3,spaceship,,,30/09/2026 11:50
ad7d6b1c-fd8c-4a01-9b2b-1113ca7e7938,cache.catering,available,31.25,31.25,high,low,5,spaceship,,,01/10/2026 01:15
198568bd-39b3-4563-a44f-39fd1e0314fa,beachhead.catering,available,40.98,48.98,medium,low,9,namecheap,,,22/09/2026 19:08
614ed531-5d05-4a1e-abb9-3756023a8253,overwhelming.catering,available,30.2,30.2,high,low,12,cloudflare,,,28/09/2026 07:20
dd7fc4f8-3fc0-4a1d-9866-11d95c1e104c,abacus.catering,available,38.99,38.99,high,low,6,namesilo,,,16/09/2026 13:45
c9710230-af2a-4b0b-9e2b-4abc67571fbf,spoiled.catering,available,38.99,38.99,high,low,7,namesilo,,,10/09/2026 16:20
6242bf0a-7846-4074-a599-d5fd6fe1c6d7,fiduciary.catering,available,38.99,38.99,high,low,9,namesilo,,,18/08/2026 03:39
f12ddc79-8b01-44c4-8b2f-cdbf44a3999f,twoscore.catering,available,38.99,38.99,medium,low,8,namesilo,,,
b0c7ef47-bfbb-4c19-9d12-4f8ad06921ab,natives.catering,available,38.99,38.99,medium,low,7,namesilo,,,18/09/2026 01:41
85e46ca6-e19e-46ea-b603-92b52dc537fd,gambler.catering,available,31.25,31.25,high,low,7,spaceship,,,29/09/2026 01:03
94656a32-6c04-432d-be7a-a2cff824d473,bet.catering,premium,78.54,78.54,high,medium,3,namesilo,,,23/09/2026 10:50
673e697a-f406-4478-80da-772039cc46a0,accountant.catering,available,38.99,38.99,high,low,10,namesilo,,,16/09/2026 23:11
2a65959e-8ac7-44b8-8b67-e2f36b174501,compulsory.catering,available,40.98,48.98,high,low,10,namecheap,,,23/09/2026 18:17
b6b366d7-d08b-4918-ac35-657fa5d9d211,sms.catering,available,38.99,38.99,high,medium,3,namesilo,,,28/09/2026 11:46
68aa66b4-b063-4d4c-94ed-05f1c745c4b6,plaques.catering,available,38.99,38.99,low,low,7,namesilo,,,20/09/2026 08:19
52f0fd0d-c0b2-4b5c-9064-3ff6124debb0,taunt.catering,available,38.99,38.99,medium,low,5,namesilo,,,11/09/2026 09:13
e2a51d66-30f3-4090-9f57-b1e96b6857a9,ablaut.catering,available,40.98,48.98,medium,low,6,namecheap,,,16/09/2026 16:06
534d8bb6-a833-41a6-abe9-cecf2e90d539,congress.catering,available,38.99,38.99,high,low,8,namesilo,,,24/09/2026 13:02
9b6a0d86-6a45-46e9-8772-d6470b411c34,unmanned.catering,available,38.99,38.99,medium,low,8,namesilo,,,09/09/2026 13:50
a3494154-c7b7-457a-920e-688dcdd2bb35,aggregate.catering,available,38.99,38.99,high,low,9,namesilo,,,
62ac23b8-e757-4c38-93d9-509bedbb67ec,say.catering,premium,78.54,78.54,high,low,3,namesilo,,,30/09/2026 06:12
c4879f04-b222-42a2-acc1-d14092281fc6,peaking.catering,available,31.25,31.25,high,low,7,spaceship,,,02/10/2026 02:14
cd34c44e-9df1-40f4-a2d5-83ad52d06f38,ics.catering,available,38.99,38.99,high,low,3,namesilo,,,28/09/2026 21:49
4b3dc74e-14c7-4635-983a-62b113b7a359,mothy.catering,available,38.99,38.99,low,low,5,namesilo,,,25/08/2026 07:14
37667227-8379-41c5-9769-70b959ccd688,drugs.catering,available,38.99,38.99,medium,low,5,namesilo,,,25/09/2026 16:42
566d2d90-f768-4303-98d5-b2817812d842,progressive.catering,available,38.99,38.99,high,low,11,namesilo,,,19/09/2026 14:06
dfaa2ddd-fc4a-49a8-8b71-d4c215fcfa8e,empress.catering,available,31.41,31.41,high,low,7,porkbun,,,30/09/2026 17:09
ca671e5c-f433-4151-a0e7-879607f4e6f5,alignment.catering,available,40.98,48.98,high,low,9,namecheap,,,18/09/2026 07:47
34c14a8c-0ffa-4d55-b724-262cb8bc17d8,lynn.catering,available,38.99,38.99,high,low,4,namesilo,,,27/09/2026 07:20
71901b2a-e990-45dc-be2f-5e8ba27af3c1,ufa.catering,premium,34.36,34.36,high,low,3,spaceship,,,30/09/2026 19:03
8882e575-f449-45b9-a945-d75f2f526306,cereal.catering,available,38.99,38.99,high,low,6,namesilo,,,12/08/2026 00:26
a219b62f-8bf4-474e-88de-894cbd9a532a,swiftly.catering,available,31.25,31.25,high,low,7,spaceship,,,28/09/2026 14:53
26708557-9f70-4673-b116-9ecb9a748d44,chairwoman.catering,available,31.25,31.25,high,low,10,spaceship,,,29/09/2026 07:58
d8acd459-e010-4b8f-a158-c188dc15d753,continents.catering,available,38.99,38.99,medium,low,10,namesilo,,,18/09/2026 12:00
95c3c5a3-4949-4940-9bf4-fa860f23bada,guarding.catering,available,40.98,48.98,medium,low,8,namecheap,,,28/09/2026 12:47
dee0e5ab-d89f-40b2-b7c3-0d742964a508,flagfish.catering,available,40.98,48.98,medium,low,8,namecheap,,,18/09/2026 19:58
f3d6a293-469e-4fc0-9b2f-35e55b5cc046,thorns.catering,available,31.25,31.25,medium,low,6,spaceship,,,30/09/2026 23:36
1fc7f773-8ef8-4955-a669-823901004004,sermons.catering,available,30.2,30.2,high,low,7,cloudflare,,,01/10/2026 17:38
93877ac0-6612-4f50-a9cb-b68fd838cda2,shoreham.catering,available,30.2,30.2,medium,low,8,cloudflare,,,02/10/2026 01:12
a3cd62fb-c18f-4161-ade7-9c0e94ac8b2c,venus.catering,available,31.25,31.25,high,low,5,spaceship,,,28/09/2026 14:17
d17ecb37-3480-4ef5-bae3-bb274f4eb91a,contribute.catering,available,40.98,48.98,high,low,10,namecheap,,,28/09/2026 06:58
24a92dba-e725-4ea9-957a-558e20663139,synthetic.catering,available,38.99,38.99,high,low,9,namesilo,,,11/08/2026 23:35
f8b3e5fd-6b57-49b2-9264-c3be80e5cfe6,receptive.catering,available,38.99,38.99,high,low,9,namesilo,,,09/09/2026 11:23
592eab5d-4af3-4275-856b-b7aabefacc29,contribution.catering,available,32.21,32.21,high,low,12,dynadot,,,28/09/2026 04:30
0bc316bd-4bfd-4b79-816e-dd477b62638f,spock.catering,available,38.99,38.99,high,low,5,namesilo,,,23/09/2026 08:25
6793a82c-f272-4e1b-bf98-d69dff7eed20,vicinity.catering,available,40.98,48.98,high,low,8,namecheap,,,28/09/2026 19:41
ccc1b45b-9308-400f-8737-df0659c1d386,marang.catering,available,46.99,50.99,medium,low,6,name.com,,,20/09/2026 12:01
3c0b6061-bb3c-4064-b074-2ee512a3220f,leering.catering,available,38.99,38.99,medium,low,7,namesilo,,,25/09/2026 05:58
70127a10-0e80-41a2-8dc4-15167090f232,grantee.catering,available,38.99,38.99,medium,low,7,namesilo,,,18/09/2026 07:39
c648c3da-52f2-4e87-bb3b-15e5cdb1cf28,valuator.catering,available,38.99,38.99,medium,low,8,namesilo,,,19/09/2026 22:13
1e44f7ec-840e-43e6-8bc8-d0e67c33b218,galaxies.catering,available,40.98,48.98,high,low,8,namecheap,,,30/09/2026 14:49
d8789621-00b1-43c2-b90d-918ee2ba5d83,screecher.catering,available,40.98,48.98,medium,low,9,namecheap,,,22/09/2026 17:04
1e0ac687-4265-4ddd-ba29-9bd3efe4cb3d,atrip.catering,available,38.99,38.99,low,low,5,namesilo,,,07/08/2026 14:33
b85984c2-4c28-41a1-bda0-01ef5d35bd67,fireplace.catering,available,38.99,38.99,high,low,9,namesilo,,,28/09/2026 14:11
22006bd1-2bc6-4d4f-932c-b1825d8d9ed0,able.catering,available,38.99,38.99,high,low,4,namesilo,,,21/09/2026 13:57
eba2a27b-c906-4f59-a67d-691e76cb6427,asgard.catering,available,38.99,38.99,high,low,6,namesilo,,,20/09/2026 13:34
0d5ad761-63d8-4859-8ab7-1077e1edb9bb,sleeps.catering,available,38.99,38.99,medium,low,6,namesilo,,,28/09/2026 13:22
150f5d8a-1022-443d-8d11-c8bc441ae848,iodine.catering,available,38.99,38.99,high,low,6,namesilo,,,21/08/2026 17:24
5ab02dca-35e1-40d1-9f45-b15296f1a21c,aesthetic.catering,available,40.98,48.98,high,low,9,namecheap,,,21/09/2026 21:10
cc9bd581-2137-427d-8e60-af67b87d7e17,scaley.catering,available,38.99,38.99,medium,low,6,namesilo,,,09/09/2026 22:18
090357c3-0c4d-4330-8aea-01810bf92f2e,apex.catering,available,38.99,38.99,high,medium,4,namesilo,,,19/09/2026 16:45
f0d3a4d4-a8a1-4310-8e52-8638bfcdbd5c,power.catering,available,,,high,medium,5,,,,
1b4a8a44-e897-4bc9-9716-64c551dc43c4,westcott.catering,available,38.99,38.99,medium,low,8,namesilo,,,
edd52769-f2a0-4875-a6e7-409df41a9539,starkest.catering,available,38.99,38.99,low,low,8,namesilo,,,20/09/2026 22:48
5783b252-0a6f-4910-8758-5d8fa9e70e0c,cernuous.catering,available,38.99,38.99,medium,low,8,namesilo,,,12/08/2026 00:44
ec11a406-cf37-4087-a880-d036978c5416,lustfully.catering,available,38.99,38.99,medium,low,9,namesilo,,,15/09/2026 13:12
69616e91-3d37-4d56-9b79-3ad011d00740,abdicable.catering,available,38.99,38.99,medium,low,9,namesilo,,,
3d5616b7-30f8-451e-863b-a8c6c189820a,projective.catering,available,31.25,31.25,high,low,10,spaceship,,,30/09/2026 03:59
d41d7910-10fa-4ece-9cb1-f5d2e6240f48,marley.catering,available,31.25,31.25,medium,low,6,spaceship,,,29/09/2026 00:11
21678cf4-6aab-4955-bcd7-da09d7e3cef3,jocose.catering,available,38.99,38.99,medium,low,6,namesilo,,,22/08/2026 12:54
b5212aaf-62f9-4fda-a039-62663002f0d9,oswald.catering,available,46.99,50.99,high,low,6,name.com,,,25/09/2026 08:53
a083994e-645a-4d1a-9101-05850dbb625c,graves.catering,available,38.99,38.99,high,low,6,namesilo,,,28/09/2026 05:52
23eb06d8-5df1-4c30-964c-ff7c96eae4ca,amora.catering,available,38.99,38.99,high,low,5,namesilo,,,18/09/2026 22:38
b118f2c1-df34-42c3-975a-7f69fca3114a,warnings.catering,available,31.25,31.25,low,low,8,spaceship,,,29/09/2026 17:44
f6699c66-0b9d-4244-87ec-4e54b1da657a,sigurd.catering,available,38.99,38.99,medium,low,6,namesilo,,,30/09/2026 02:51
5810333b-43e2-4ef7-b35f-7f6ba394f9ae,uncle.catering,available,30.2,30.2,high,low,5,cloudflare,,,30/09/2026 14:13
2560d4df-a777-4ded-9189-63ec8a1ad72e,enchant.catering,available,38.99,38.99,high,low,7,namesilo,,,21/08/2026 07:46
a032f996-c23d-4ec0-a256-35a3b8b6d0e8,isabelle.catering,available,31.25,31.25,high,low,8,spaceship,,,28/09/2026 07:42
99bfae19-7a15-4c10-8f7e-8af9bea9d072,housebound.catering,available,38.99,38.99,medium,low,10,namesilo,,,21/08/2026 10:56
606db6b8-abaa-41fd-b908-39b736e5bde0,introductory.catering,available,38.99,38.99,high,low,12,namesilo,,,
bfb00c3f-bf1f-46dd-a0d8-d61c291a888c,apheresis.catering,available,38.99,38.99,medium,low,9,namesilo,,,19/09/2026 16:49
cc587916-00ec-4fb7-8642-7ca59d2f1534,beshrew.catering,available,46.99,50.99,medium,low,7,name.com,,,13/08/2026 16:19
6a195279-a584-46fa-9df8-9d23b29d298a,hillsdale.catering,available,32.21,32.21,medium,low,9,dynadot,,,29/09/2026 22:46
df921ad5-9f58-4e9b-ad8e-29b69674588f,harmonised.catering,available,38.99,38.99,high,low,10,namesilo,,,12/08/2026 22:52
3bc63fc2-85aa-4359-a6ea-47e66d3bed8a,thirst.catering,available,31.25,31.25,high,low,6,spaceship,,,28/09/2026 19:46
2b569854-ade0-4636-8bb5-912cebe3a9ae,varying.catering,available,38.99,38.99,high,low,7,namesilo,,,13/09/2026 01:31
978671e0-4d74-4fa8-bfa1-849864837687,swain.catering,available,40.98,48.98,medium,low,5,namecheap,,,22/09/2026 21:56
6c7ade4e-9e11-40d0-8f24-7a4a2118ee76,tracked.catering,available,38.99,38.99,high,low,7,namesilo,,,28/09/2026 09:27
a9f544b5-5d3a-4b50-a0c9-c4378ad5d312,cheering.catering,available,38.99,38.99,high,low,8,namesilo,,,12/08/2026 03:45
9cc2f732-a303-45fc-bb5a-5251686ed654,longways.catering,available,38.99,38.99,medium,low,8,namesilo,,,22/08/2026 23:44
a75b8013-a06a-4816-93d4-fd04ba48273a,primal.catering,available,40.98,48.98,high,low,6,namecheap,,,11/08/2026 18:56
15b25a3f-50e0-4a2c-8d15-4a75c4858f73,windsock.catering,available,40.98,48.98,medium,low,8,namecheap,,,17/09/2026 21:40
c620ddcb-233c-43a2-834c-e26ede71e74a,caudate.catering,available,38.99,38.99,medium,low,7,namesilo,,,11/08/2026 22:26
d60ae740-716b-479f-8734-6cbc70883db1,agene.catering,available,38.99,38.99,medium,low,5,namesilo,,,17/09/2026 17:07
cc8fb068-f836-435f-8aa2-0f44a3e54bc0,baize.catering,available,40.98,48.98,medium,low,5,namecheap,,,21/09/2026 19:59
50a6a074-6f07-4bba-a90c-f20b66ec10cf,kwhr.catering,available,38.99,38.99,high,low,5,namesilo,,,21/09/2026 11:57
00757007-3a3d-46fb-b6f7-7213d455c975,flattering.catering,available,38.99,38.99,high,low,10,namesilo,,,18/08/2026 06:57
18862e07-802b-4b3b-8169-b30c3e0aa9ca,artfulness.catering,available,40.98,48.98,high,low,10,namecheap,,,20/09/2026 10:34
872996b1-5335-4b98-bf44-3e0e8544984e,heightened.catering,available,30.2,30.2,high,low,10,cloudflare,,,29/09/2026 21:14
15ffb471-8e2c-46d2-ad56-f8cedb6829b0,backstretch.catering,available,46.99,,high,low,12,name.com,,,
66742be5-c99a-47f4-8f33-c6be4a79e255,mccormick.catering,available,38.99,38.99,high,low,9,namesilo,,,25/09/2026 04:30
b7e32c52-6523-4334-813e-f6bd192f5fb9,promiscuous.catering,available,30.2,30.2,medium,low,11,cloudflare,,,01/10/2026 22:33
8d4a86a5-0a3e-4e8e-b8ab-37029aa17d86,shoulder.catering,available,38.99,38.99,high,low,8,namesilo,,,20/09/2026 11:31
aa6176d5-9ab3-412a-bd10-66c76865dcdf,gasp.catering,available,30.2,30.2,high,low,4,cloudflare,,,01/10/2026 19:41
85bb60fd-3eba-4dd2-a049-1f4fc4005c96,recruited.catering,available,38.99,38.99,medium,low,9,namesilo,,,18/09/2026 00:53
6c2b3d08-a601-4607-8235-065fdc4215ef,terrific.catering,available,38.99,38.99,high,low,8,namesilo,,,25/09/2026 00:17
81c18eb3-667d-4f04-a026-9a48477d11b8,liberals.catering,available,31.25,31.25,medium,low,8,spaceship,,,01/10/2026 17:10
f86939dd-f2e5-4ad4-b123-868da31896ac,ltte.catering,available,31.25,31.25,medium,low,4,spaceship,,,01/10/2026 20:19
10dfe957-0a3d-454c-a4d5-ea0c8a46d8c6,dignitary.catering,available,30.2,30.2,high,low,9,cloudflare,,,29/09/2026 14:54
ba24d594-3e81-4257-a374-bccc4ebf71f5,kit.catering,available,40.98,48.98,high,medium,3,namecheap,,,30/09/2026 01:37
2b00b115-e504-439d-bbdc-68e913af7781,ginsberg.catering,available,38.99,38.99,medium,low,8,namesilo,,,18/09/2026 10:49
07a66b99-7661-4bec-a66d-eef8dda1798f,jenkins.catering,available,38.99,38.99,high,low,7,namesilo,,,25/09/2026 12:14
574769f3-d8d9-4745-b04d-04e64dcee5bb,lend.catering,available,31.25,31.25,high,low,4,spaceship,,,30/09/2026 03:09
2670e228-3602-4c2c-9c6f-a1ce21f0c8a1,bertolucci.catering,available,38.99,38.99,medium,low,10,namesilo,,,23/09/2026 09:50
14e99444-4529-4a21-b978-d2fd91729b19,neo.catering,available,38.99,38.99,high,medium,3,namesilo,,,03/09/2026 15:19
8b759a36-cb6a-442c-9d3f-254087765923,transporting.catering,available,31.25,31.25,high,low,12,spaceship,,,29/09/2026 14:43
bd49331e-c3c9-4124-95a1-ac8c838bac20,smolensk.catering,available,38.99,38.99,medium,low,8,namesilo,,,30/09/2026 11:04
87256d29-b5ad-4185-aa41-2c01f6da571d,stump.catering,available,38.99,38.99,medium,low,5,namesilo,,,18/09/2026 17:18
59e6d031-b414-4e39-bd10-2ffa687bb347,registration.catering,available,38.99,38.99,high,low,12,namesilo,,,
386717d2-188e-4da9-8670-9913c4ea2700,kurt.catering,available,46.99,50.99,high,low,4,name.com,,,25/09/2026 13:27
9404e97f-c506-4fed-acb7-8654d31536ae,lark.catering,available,40.98,48.98,high,low,4,namecheap,,,30/09/2026 09:46
51b48a2d-ba68-4942-afc6-60062c5284de,tactile.catering,available,38.99,38.99,high,low,7,namesilo,,,21/08/2026 00:02
3ec177b5-b6c4-4483-b926-25fffbbe1b51,peerage.catering,available,38.99,38.99,high,low,7,namesilo,,,22/09/2026 07:17
561b0058-d532-4a29-b8f3-5be7ef3a23e3,hegel.catering,available,38.99,38.99,medium,low,5,namesilo,,,28/09/2026 14:17
3aa45c84-d332-475a-9cf5-61a493635907,yellowish.catering,available,38.99,38.99,high,low,9,namesilo,,,13/09/2026 13:59
4b831cfa-0ffd-4cab-b66e-7e6140e0c7bf,amazement.catering,available,38.99,38.99,high,low,9,namesilo,,,18/09/2026 16:18
83b50c75-c65a-4de6-bb75-48f275a1c7c7,guerilla.catering,available,38.99,38.99,high,low,8,namesilo,,,22/08/2026 10:15
fe544b84-045f-4afc-88de-e584f26f98fa,wink.catering,available,38.99,38.99,high,low,4,namesilo,,,22/09/2026 22:05
0cee624f-5e9c-4f7d-a90e-b6b9d5e53074,backboard.catering,available,38.99,38.99,high,low,9,namesilo,,,21/09/2026 15:09
7cfcd41a-c5bf-41c8-8187-9a7e968ec191,grading.catering,available,30.2,30.2,high,low,7,cloudflare,,,30/09/2026 01:47
3d4a39f2-f62b-4c06-92e0-422665c2678a,crumb.catering,available,38.99,38.99,medium,low,5,namesilo,,,11/08/2026 09:20
fe031574-1914-45aa-bb20-0f57f3c719b1,celebrating.catering,available,38.99,38.99,high,low,11,namesilo,,,27/09/2026 06:50
f10f7593-bbdb-48dd-80a6-e5f3b3ce68b5,miotic.catering,available,38.99,38.99,medium,low,6,namesilo,,,25/08/2026 01:00
04ae5b71-1a19-402b-ab94-e2366d6d2bba,lou.catering,available,40.98,48.98,high,low,3,namecheap,,,25/09/2026 14:56
9d1d46e1-7294-455b-a841-e5b94bf85072,customer.catering,available,31.41,31.41,high,low,8,porkbun,,,30/09/2026 15:48
eddb3754-5d0b-4813-81ac-cf8a0d88ff33,law.catering,premium,108.9,108.9,high,medium,3,dynadot,,,29/09/2026 11:16
7728c761-4b78-45c3-aa9f-a8d2d0f192f5,armillary.catering,available,38.99,38.99,medium,low,9,namesilo,,,06/08/2026 19:44
fd43bd43-68d5-4f14-adc0-39a310e47110,shortly.catering,available,31.25,31.25,medium,low,7,spaceship,,,28/09/2026 13:26
f743aa70-99aa-4280-9350-f00a4eb4d5a6,accessories.catering,available,30.2,30.2,medium,low,11,cloudflare,,,01/10/2026 18:53
d11e9472-d14e-4eb0-b509-244b4bdc52ef,plainly.catering,available,40.98,48.98,high,low,7,namecheap,,,08/09/2026 20:28
40513e63-e7c6-4cc2-82db-d1c4c2a254f4,clifton.catering,premium,85.8,85.8,medium,low,7,namecheap,,,25/09/2026 19:29
6b716834-a00f-4ec8-acf9-d51563a6225e,haply.catering,available,38.99,38.99,medium,low,5,namesilo,,,14/09/2026 04:36
51ff6651-c229-49aa-94a8-d61c13fd3875,christlike.catering,available,38.99,38.99,high,low,10,namesilo,,,12/08/2026 07:19
aa8daebc-af3f-4cfa-bb66-324053d8fa6d,packaged.catering,available,38.99,38.99,high,low,8,namesilo,,,04/09/2026 22:44
dcdf6620-c16e-4f09-ac8f-986295c58733,compelled.catering,available,38.99,38.99,low,low,9,namesilo,,,28/09/2026 23:06
2f6de43c-7e6b-410e-97fc-29c997e90b3d,unsound.catering,available,38.99,38.99,medium,low,7,namesilo,,,24/09/2026 16:24
0f14ba4d-8810-4687-94a7-343894460d2b,alfatah.catering,available,40.98,48.98,medium,low,8,namecheap,,,18/09/2026 00:22
32a5bead-af03-4a7b-b16e-3820f8820304,pertinent.catering,available,38.99,38.99,high,low,9,namesilo,,,06/08/2026 07:59
41d8d4ee-1a5f-45c6-88eb-1be7784b9f94,urge.catering,available,31.25,31.25,high,low,4,spaceship,,,28/09/2026 19:09
704ceb4a-042a-4b02-9fbf-892a5cb0b875,provisions.catering,available,38.99,38.99,high,low,10,namesilo,,,08/09/2026 08:15
2f85bc78-8d38-45e4-a2d7-25c78636a75a,disgusting.catering,available,38.99,38.99,medium,low,10,namesilo,,,14/08/2026 10:32
e4da0e29-b4a6-4d42-b3ca-7d67bba00c8a,decent.catering,available,38.99,38.99,high,low,6,namesilo,,,09/08/2026 06:17
cc93111a-de4f-41d5-b1c6-855a22110d0d,airlines.catering,available,40.98,48.98,medium,low,8,namecheap,,,28/09/2026 17:53
5ebaaaa6-947e-494b-ab39-60c3526040f9,attorneys.catering,available,38.99,38.99,medium,low,9,namesilo,,,28/09/2026 13:24
b097e695-37bd-45af-94a6-cbfce87cc476,bra.catering,available,40.98,48.98,high,low,3,namecheap,,,29/09/2026 00:58
c18c0a48-0df9-40cb-b121-1c3c649a9110,moosewood.catering,available,38.99,38.99,medium,low,9,namesilo,,,16/09/2026 23:36
a8621c07-e8ec-4d94-91b3-d4488dc6303d,brandenburg.catering,available,31.41,31.41,high,low,11,porkbun,,,27/09/2026 16:50
8d1cf56a-43c4-4683-97fa-4665a214d104,hacked.catering,available,30.2,30.2,medium,low,6,cloudflare,,,29/09/2026 17:39
58991365-acb8-4ae7-852d-28cbcdb837d8,european.catering,premium,38.94,38.94,high,low,8,namesilo,,,24/09/2026 15:26
cb53642d-f9de-42ab-8450-0228f64f4b11,gainly.catering,available,38.99,38.99,high,low,6,namesilo,,,18/08/2026 19:33
401729ba-f27c-4b0b-90a9-22671251022d,alvin.catering,available,38.99,38.99,high,low,5,namesilo,,,25/09/2026 13:49
ba4603c1-aa39-4957-8c00-720ec2860aa3,quadruplex.catering,available,38.99,38.99,medium,low,10,namesilo,,,18/08/2026 13:26
444f9dd8-f344-468b-93e7-089f088c5fa1,ailanthus.catering,available,40.98,48.98,medium,low,9,namecheap,,,17/09/2026 21:07
c719e34e-f626-48dc-b1a4-688821c929ce,recounting.catering,available,38.99,38.99,medium,low,10,namesilo,,,11/09/2026 10:26
7cd15c2f-dda5-4333-857f-1ac49fe0d24d,sti.catering,available,32.21,32.21,high,low,3,dynadot,,,30/09/2026 19:35
9e73edb7-88f6-4a81-b80c-5fd47b9129f2,nicola.catering,available,31.25,31.25,high,low,6,spaceship,,,28/09/2026 07:47
93773709-3416-461a-9534-21e0c6844ed4,accelerate.catering,available,31.25,31.25,high,low,10,spaceship,,,29/09/2026 02:40
118a75af-bcce-4c23-b68b-38c0e6e778df,ski.catering,premium,78.54,78.54,high,low,3,namesilo,,,27/09/2026 05:28
10d640e2-a374-4eb2-a284-386c77dee5c0,macmillan.catering,available,38.99,38.99,high,low,9,namesilo,,,25/09/2026 12:59
e029b43e-e57d-4013-be68-bddc16bd3faf,alec.catering,available,38.99,38.99,high,low,4,namesilo,,,28/09/2026 16:21
f700f9d9-dc4e-43f9-98ec-12818be3aa4c,him.catering,premium,68.51,68.51,high,low,3,spaceship,,,30/09/2026 22:23
6811a81f-6551-4ded-9d38-00d495acdf1c,raul.catering,available,30.2,30.2,high,low,4,cloudflare,,,28/09/2026 22:04
a8f03e1b-5c36-4802-a888-34fc815234ab,xlii.catering,available,38.99,38.99,medium,low,4,namesilo,,,
2acadfe7-ff6c-4c43-95a2-f5d8ac8febbb,canorous.catering,available,38.99,38.99,medium,low,8,namesilo,,,11/08/2026 17:35
01e3944b-42ef-4a87-9092-804aac5e6f4f,sealed.catering,available,32.21,32.21,high,low,6,dynadot,,,27/09/2026 18:59
396064e0-3a58-43c7-8e38-340a7cf435b3,armorial.catering,available,38.99,38.99,medium,low,8,namesilo,,,06/08/2026 20:15
833afb31-ee7f-4c1e-be17-18f20958f01b,hypnosis.catering,available,31.25,31.25,high,low,8,spaceship,,,29/09/2026 19:14
e6c6a2ef-5af7-4dff-9e50-77bd11e7f12c,vaccinated.catering,available,38.99,38.99,high,low,10,namesilo,,,21/08/2026 21:34
88af9862-445d-4f26-83d3-478e44d0fcf3,waterfowl.catering,available,40.98,48.98,high,low,9,namecheap,,,19/09/2026 17:39
9b79e974-1e15-4e09-8040-691afe207d71,batman.catering,available,38.99,38.99,high,low,6,namesilo,,,29/09/2026 01:33
4441741f-e681-4f15-a7f7-65164299d979,variant.catering,available,38.99,38.99,high,low,7,namesilo,,,13/09/2026 01:15
1a6a3d90-480c-4d88-be09-871be7bf2bec,cleaned.catering,available,38.99,38.99,high,low,7,namesilo,,,27/09/2026 02:45
d2b50e5d-0d9a-49ae-b5c0-77b93dd21001,reactor.catering,available,40.98,48.98,high,low,7,namecheap,,,28/09/2026 10:36
ede675b8-7d93-46cf-b606-8d982c991323,sills.catering,available,38.99,38.99,high,low,5,namesilo,,,23/09/2026 06:04
9ee2d91f-0364-4e25-b684-badc2175f8f7,greenwing.catering,available,38.99,38.99,medium,low,9,namesilo,,,19/09/2026 02:56
8af3f313-6ebc-4437-8b54-425b9534e100,unnamed.catering,available,38.99,38.99,medium,low,7,namesilo,,,03/09/2026 12:56
f594747f-0586-4cac-9978-c20b7f39db7e,breakable.catering,available,38.99,38.99,medium,low,9,namesilo,,,11/08/2026 02:59
499e4297-7ef2-4ca1-bc83-dd59775d13d2,numbat.catering,available,38.99,38.99,medium,low,6,namesilo,,,22/09/2026 01:07
bf636db2-ee20-4548-9bf4-17e7c16809c4,dwell.catering,available,38.99,38.99,high,low,5,namesilo,,,24/08/2026 07:49
12700af4-fbb3-4f12-a64e-7e533eaf3479,semiotic.catering,available,38.99,38.99,medium,low,8,namesilo,,,10/09/2026 03:13
d957f3a5-c6ed-4ae3-9851-bd0e1ca230be,csu.catering,available,30.2,30.2,medium,low,3,cloudflare,,,29/09/2026 09:33
5c63f546-ecfc-4fda-a8c1-9c4c2b7cbbf6,salvage.catering,available,31.25,31.25,medium,low,7,spaceship,,,28/09/2026 10:52
62aea9cc-bc1f-4831-9bc1-7996924b1db3,decorate.catering,available,38.99,38.99,high,low,8,namesilo,,,29/09/2026 00:38
ab509632-f59a-4ba4-8d92-82574d4750be,pogge.catering,available,40.98,48.98,medium,low,5,namecheap,,,17/09/2026 19:01
edcb28c4-3b6b-41bf-bc3a-8e58df082503,officials.catering,available,38.99,38.99,medium,low,9,namesilo,,,17/09/2026 12:28
dd0a4234-fc94-473a-969e-4519eda710d0,sunless.catering,available,38.99,38.99,medium,low,7,namesilo,,,12/08/2026 12:31
9b1cbfff-b9da-4b44-b194-64688e4108d6,teachers.catering,available,40.98,48.98,high,low,8,namecheap,,,18/09/2026 18:31
385220cb-2ee8-4a23-8274-664648ae4bb7,plush.catering,available,38.99,38.99,high,low,5,namesilo,,,25/09/2026 15:37
c85f7079-09af-41eb-8fa0-a2a4661ccbd8,sticker.catering,available,38.99,38.99,high,low,7,namesilo,,,30/09/2026 01:12
4a856388-a940-4ce8-9fb0-4cb41a205952,thrace.catering,available,40.98,48.98,medium,low,6,namecheap,,,28/09/2026 20:38
a499e614-fa52-4d5e-b377-b8faa2ef8f54,bilimbi.catering,available,38.99,38.99,medium,low,7,namesilo,,,21/09/2026 09:13
6b22bdfc-7ee4-45e1-b09b-36ca1e77a608,volt.catering,available,38.99,38.99,high,low,4,namesilo,,,13/09/2026 00:34
11203915-86c6-4f12-917a-23cf87efa20e,productivity.catering,available,38.99,38.99,high,low,12,namesilo,,,29/09/2026 23:18
6b05f06b-8fff-4622-9d10-49c91dadb59d,instability.catering,available,32.21,32.21,medium,low,11,dynadot,,,29/09/2026 23:37
80b44b46-1fb7-406f-867b-e11c0b385d06,excessively.catering,available,38.99,38.99,medium,low,11,namesilo,,,30/09/2026 19:46
4b5c405a-1d03-4fc4-8abc-2809ca126b81,sha.catering,available,30.2,30.2,high,low,3,cloudflare,,,30/09/2026 12:20
640830b5-3571-4bf9-bb94-39c855a045ab,internet.catering,resell,,,high,medium,8,"GoDaddy.com, LLC",17/01/2026 17:09,17/01/2027 17:09,30/09/2026 07:45
62b99dfe-8337-4111-9062-282f3f464d90,begs.catering,available,38.99,38.99,medium,low,4,namesilo,,,30/09/2026 15:31
c151c586-e187-4d5d-9297-df2d6c9ad8cc,rehearse.catering,available,40.98,48.98,high,low,8,namecheap,,,01/10/2026 04:23
f226e17a-d085-4a0c-b7e8-166fcdf44fdf,simons.catering,available,40.98,48.98,high,low,6,namecheap,,,27/09/2026 20:33
364cd2ce-a50c-4167-a656-d711c8fb9d5b,pained.catering,available,38.99,38.99,medium,low,6,namesilo,,,04/09/2026 01:26
752771e2-b243-4480-b1a8-87c2a2bfd086,acknowledge.catering,available,40.98,48.98,high,low,11,namecheap,,,01/10/2026 00:33
f228a8c8-5be0-4144-828d-119626c4ed76,involute.catering,available,38.99,38.99,high,low,8,namesilo,,,22/08/2026 09:12
5ce76cc3-2a62-4533-b3b4-73be46e9c044,brad.catering,premium,78.54,78.54,high,low,4,namesilo,,,24/09/2026 07:52
4036ce63-79c7-4b04-89f6-cb1e37473bd1,gracie.catering,available,38.99,38.99,high,low,6,namesilo,,,18/09/2026 10:48
18451f02-9b0e-43c5-ad19-f32daa6907f1,backbench.catering,available,38.99,38.99,medium,low,9,namesilo,,,21/09/2026 15:00
010afd9d-5eb8-47b0-966e-61bc4f62f88c,nutty.catering,available,38.99,38.99,high,low,5,namesilo,,,06/08/2026 21:27
3ff16029-9074-49cb-bcd7-8301f8cd763a,treasurer.catering,available,32.21,32.21,high,low,9,dynadot,,,29/09/2026 12:21
37646119-bb6a-4d37-80e5-9aa210a95147,dialectic.catering,available,38.99,38.99,high,low,9,namesilo,,,14/08/2026 05:50
78d7bfb3-ee83-437b-bfea-2c65af0b0635,natal.catering,available,38.99,38.99,high,low,5,namesilo,,,03/09/2026 13:37
22ace9c4-0262-4a7c-9f81-8c84ada6b10b,adidas.catering,available,38.99,38.99,high,low,6,namesilo,,,
c53ed402-20d9-4a39-bd73-9add1141c815,beowulf.catering,available,38.99,38.99,medium,low,7,namesilo,,,23/09/2026 09:04
6aad04e7-56f1-4a9a-a4a4-6c2bb7c82752,voluptuary.catering,available,38.99,38.99,medium,low,10,namesilo,,,24/08/2026 12:27
92b680f4-72fd-45ed-a14e-cc56051aa970,chip.catering,available,38.99,38.99,high,low,4,namesilo,,,01/10/2026 01:58
68f19b64-dc10-4174-85a5-45d9cdb19277,heroism.catering,available,40.98,48.98,high,low,7,namecheap,,,29/09/2026 18:59
dae91d1a-373e-48dd-813c-a5610840d6d1,maddened.catering,available,38.99,38.99,medium,low,8,namesilo,,,
fc06765e-7157-41b2-8779-81655070746b,enthusiasm.catering,available,31.25,31.25,high,low,10,spaceship,,,29/09/2026 17:36
97460953-6fb7-4b73-a9b1-680e12760274,rhombic.catering,available,38.99,38.99,medium,low,7,namesilo,,,09/09/2026 16:43
f9e4cf17-66d4-44b3-9963-774f2f046f86,incubation.catering,available,38.99,38.99,high,low,10,namesilo,,,11/08/2026 06:10
33ea5f62-ed9b-451b-909e-109199d25ed7,tight.catering,available,38.99,38.99,medium,low,5,namesilo,,,09/08/2026 17:09
48a47622-412b-4c04-99c5-bc7c418fafa0,unthankful.catering,available,38.99,38.99,medium,low,10,namesilo,,,11/09/2026 12:29
17eacacd-8ccc-4243-a4a0-fcfb7e0c0e55,destitute.catering,available,38.99,38.99,medium,low,9,namesilo,,,14/08/2026 04:32
2af0dd9e-fbfc-4232-9677-f0c86ee10758,detectors.catering,available,31.25,31.25,medium,low,9,spaceship,,,30/09/2026 07:31
0aca8b3b-fdef-4100-9b15-ddf5ec27bd6a,minimalist.catering,available,38.99,38.99,high,low,10,namesilo,,,24/08/2026 23:51
75d7cd6f-ae75-4ba4-a1ef-adae93093c16,confirmed.catering,available,40.98,48.98,high,low,9,namecheap,,,23/09/2026 19:53
cdcc1cda-43b4-446f-889c-363e4290670a,parrot.catering,available,38.99,38.99,high,low,6,namesilo,,,28/09/2026 15:02
a81fbb38-8679-485f-8a11-96069deaf9e2,cupcake.catering,available,40.98,48.98,high,low,7,namecheap,,,24/09/2026 20:16
6af8e3e9-ed8b-4a14-8db5-5abfb5eec5b4,numeral.catering,available,38.99,38.99,high,low,7,namesilo,,,03/09/2026 22:50
771b4b76-ae20-49c5-8eed-539a6312329d,pastel.catering,available,38.99,38.99,high,low,6,namesilo,,,08/09/2026 10:04
3715dc69-ceb1-4429-9484-5291e384434f,fencing.catering,available,31.25,31.25,high,low,7,spaceship,,,29/09/2026 00:54
feea479e-e344-4bf8-b9af-b7fadbe9a6e3,kurrat.catering,available,38.99,38.99,medium,low,6,namesilo,,,18/09/2026 11:14
9d85e017-3f9a-4be8-b082-51750119275e,jac.catering,available,38.99,38.99,high,low,3,namesilo,,,01/10/2026 11:27
840ab6b6-8225-49f9-a02e-0c16cfb95238,irresponsible.catering,available,31.25,31.25,medium,low,13,spaceship,,,28/09/2026 21:26
6cbac9dd-83aa-4613-aa7c-2ccb7502438b,skateboarding.catering,available,46.99,,medium,low,13,name.com,,,
8298ff95-b268-40ca-9505-5c9d35848ab0,generative.catering,available,40.98,48.98,high,low,10,namecheap,,,18/08/2026 21:24
f0505f76-bf13-485c-8778-9b24c9653233,dream.catering,available,30.2,30.2,high,medium,5,cloudflare,,,28/09/2026 20:52
01122867-17bf-4f4e-82c0-8b1a9a40477c,toklas.catering,available,38.99,38.99,medium,low,6,namesilo,,,18/09/2026 07:28
2aed6660-47a6-43e7-bca6-2c5cf4827bf4,styling.catering,available,40.98,48.98,high,low,7,namecheap,,,17/09/2026 18:14
423c044d-8e2b-45c1-bcbd-c6b2c7b37768,cislunar.catering,available,38.99,38.99,medium,low,8,namesilo,,,12/08/2026 08:30
65b28510-0c93-4bb9-bb37-ca2dadf3ffbd,aurochs.catering,available,38.99,38.99,medium,low,7,namesilo,,,21/09/2026 04:34
4964a7f4-9df0-4e95-822b-e7d323418288,madness.catering,available,38.99,38.99,high,low,7,namesilo,,,27/09/2026 04:07
9d2b410f-4651-4aee-9a1c-f0341a55bf9a,pommel.catering,available,38.99,38.99,medium,low,6,namesilo,,,23/09/2026 13:53
02e1eb3d-a551-400a-9a45-28bd1ed9d01f,pls.catering,available,38.99,38.99,high,low,3,namesilo,,,
9dc86d7b-56a5-4d42-8d29-3ca0c576acc3,phoebe.catering,available,38.99,38.99,medium,low,6,namesilo,,,
982b6656-34ec-4411-8112-e9248c8e03bc,etiolate.catering,available,38.99,38.99,medium,low,8,namesilo,,,17/08/2026 13:53
040cead5-0771-4032-82e1-ed314bd9d3aa,orgasm.catering,available,31.25,31.25,high,low,6,spaceship,,,29/09/2026 13:36
0c0ef7cc-7d03-4e72-b172-67a4475465b1,intentional.catering,available,30.2,30.2,high,low,11,cloudflare,,,28/09/2026 21:07
e1a8d530-2e47-4204-bf30-0802d0636426,waldemar.catering,available,30.2,30.2,medium,low,8,cloudflare,,,02/10/2026 00:21
8e70fe2d-9424-4b15-b435-a6f6cf4f3502,sts.catering,available,38.99,38.99,high,low,3,namesilo,,,28/09/2026 11:46
9b415e33-1c0e-440b-a363-aa3da56953a7,dennis.catering,available,38.99,38.99,high,low,6,namesilo,,,25/09/2026 13:58
5685314c-823e-4bff-a748-c2d2637bd761,divers.catering,available,31.25,31.25,high,low,6,spaceship,,,01/10/2026 09:26
37a76703-604f-471f-860e-3fd1867aef7f,babylonia.catering,available,38.99,38.99,high,low,9,namesilo,,,21/09/2026 13:51
d6b581e9-65a3-491e-8bec-d24623ef0eb3,colored.catering,available,40.98,48.98,high,low,7,namecheap,,,22/09/2026 20:23
a1b76d26-ee84-4135-aa92-deafcc192838,underworld.catering,available,31.25,31.25,medium,low,10,spaceship,,,28/09/2026 10:32
9fb02c06-ebf7-4a54-9acb-dded02c1452c,theirs.catering,available,46.99,,medium,low,6,name.com,,,
efbd456d-c90a-4291-a861-1328f994d127,newhouse.catering,available,30.2,30.2,high,low,8,cloudflare,,,02/10/2026 01:30
074ac846-4fd4-4b59-a82a-a07bbe71b19d,lily.catering,available,38.99,38.99,high,medium,4,namesilo,,,28/09/2026 02:17
abb2c26e-6966-4b7d-ad22-f626547dcf15,illness.catering,available,38.99,38.99,high,low,7,namesilo,,,29/09/2026 23:34
91ea8ef4-7176-41f5-a6cd-62206163dd4b,hamlet.catering,available,30.2,30.2,high,low,6,cloudflare,,,28/09/2026 18:50
f5109f24-20b9-4aa0-be32-2293331bab2e,immortal.catering,available,40.98,48.98,high,low,8,namecheap,,,21/08/2026 21:12
062e1c4e-30cf-497b-81d2-572bae56cd4d,withhold.catering,available,30.2,30.2,high,low,8,cloudflare,,,30/09/2026 19:13
5733a86b-b9b9-4ef2-b047-0dc0e8e7098d,headache.catering,available,38.99,38.99,high,low,8,namesilo,,,24/09/2026 13:37
364a3396-5962-48e2-875a-f7616ac488ac,limpid.catering,available,38.99,38.99,high,low,6,namesilo,,,13/08/2026 09:41
c57f0fa1-9396-4994-85d4-342fd7011072,railroad.catering,available,38.99,38.99,high,low,8,namesilo,,,24/09/2026 23:46
cc91e9c8-2459-4592-a73c-97e721073a3c,manzanita.catering,available,38.99,38.99,medium,low,9,namesilo,,,20/09/2026 01:04
4eb67ae8-7bf7-479a-93b5-bebdeac909b0,quoted.catering,available,31.25,31.25,medium,low,6,spaceship,,,29/09/2026 23:28
bba6de18-172b-431b-8021-5af8a321b1d8,rehab.catering,available,31.25,31.25,high,low,5,spaceship,,,28/09/2026 22:56
bad7d541-d0dc-4502-a583-b559e5af8e53,statistically.catering,available,38.99,38.99,low,low,13,namesilo,,,29/09/2026 10:41
f375fc98-7252-47da-ae6a-971b1ff164e1,foto.catering,available,32.21,32.21,high,low,4,dynadot,,,01/10/2026 18:40
d1c8b9fa-00f1-4b33-8c1e-c785ea6f2cad,layers.catering,available,31.25,31.25,medium,low,6,spaceship,,,29/09/2026 04:54
0cab6aa3-a6d6-4cb7-959b-563cb154ef51,parkway.catering,available,31.25,31.25,medium,low,7,spaceship,,,30/09/2026 10:48
6ef2441b-31a0-42b6-a38e-81212f15d216,alexandre.catering,available,31.41,31.41,high,low,9,porkbun,,,27/09/2026 20:05
165a8769-acbc-420c-82d6-785ea019da76,wintry.catering,available,38.99,38.99,medium,low,6,namesilo,,,18/08/2026 16:31
f283b455-be12-4cd2-ad2a-40a52c216e2d,constable.catering,available,40.98,48.98,high,low,9,namecheap,,,24/09/2026 17:31
52d2bb20-54e8-46da-856f-739533b9f59b,posted.catering,available,38.99,38.99,high,low,6,namesilo,,,09/09/2026 00:21
50995e6a-e498-4b12-bf16-687efcf2a328,erosive.catering,available,38.99,38.99,medium,low,7,namesilo,,,13/08/2026 02:09
b5b811b7-4be3-4701-af5a-1acac98522cf,positivity.catering,available,38.99,38.99,high,low,10,namesilo,,,17/09/2026 10:30
9ebf3fff-27a9-493d-acfd-5b4d30bc704f,nonpareil.catering,available,38.99,38.99,high,low,9,namesilo,,,24/08/2026 17:02
b01268c8-116a-4426-beb4-33455bd7c9eb,behring.catering,available,38.99,38.99,high,low,7,namesilo,,,23/09/2026 04:03
46180aef-d50f-4473-9119-b69d4e12e84d,livonia.catering,available,38.99,38.99,medium,low,7,namesilo,,,30/09/2026 02:09
505b5187-706c-4389-aed4-935e79794f04,ballard.catering,available,40.98,48.98,high,low,7,namecheap,,,29/09/2026 22:22
b0bb3f2f-d387-40b0-b318-88769897d915,emergency.catering,available,40.98,48.98,high,low,9,namecheap,,,29/09/2026 18:03
1a35ab2f-37c6-4d17-ad68-fc574ab5e8f8,isidore.catering,available,31.25,31.25,medium,low,7,spaceship,,,30/09/2026 00:09
f2548ec3-66ea-4d93-a16f-19046bfa14c5,elimination.catering,available,31.25,31.25,high,low,11,spaceship,,,28/09/2026 02:39
96b36feb-9aba-4051-81ec-6d34613d3f87,downtime.catering,available,38.99,38.99,high,low,8,namesilo,,,24/09/2026 23:41
3d11ec96-c7b2-4010-a9d2-492c0784d601,hubbub.catering,available,38.99,38.99,medium,low,6,namesilo,,,24/09/2026 10:52
f9ff447e-3176-40f6-84b1-a5e5acebc0ef,aperiodic.catering,available,38.99,38.99,medium,low,9,namesilo,,,05/08/2026 22:30
8f21760a-38a2-405a-a6ce-c42113d1a757,gallatin.catering,available,31.25,31.25,medium,low,8,spaceship,,,28/09/2026 22:22
33a29d60-95a8-4236-96df-71786c18d398,footballers.catering,available,38.99,38.99,medium,low,11,namesilo,,,20/09/2026 13:07
28fa883f-eca2-4ca0-9187-b06aae853984,ashkenazi.catering,available,38.99,38.99,medium,low,9,namesilo,,,20/09/2026 13:54
5ad49e70-3946-461d-91ba-b002c9b6c921,peaky.catering,available,38.99,38.99,medium,low,5,namesilo,,,08/09/2026 11:10
81c9ff70-d6c4-4dc8-99be-2c0a8d016c1e,foaming.catering,available,38.99,38.99,high,low,7,namesilo,,,11/08/2026 07:18
d0008f5d-cd53-4323-b50a-17132382589d,anyways.catering,available,40.98,48.98,medium,low,7,namecheap,,,13/09/2026 20:13
e0f8ef3f-9193-478b-951a-983cbc24be9d,basketball.catering,premium,68.51,68.51,high,low,10,spaceship,,,29/09/2026 01:27
cf543d79-903d-4612-95f1-016920439a45,buggery.catering,available,46.99,50.99,medium,low,7,name.com,,,19/09/2026 01:35
0f579a72-1e8d-4bcb-ba0a-da82b11cbc9a,taps.catering,available,31.25,31.25,high,low,4,spaceship,,,29/09/2026 20:29
8b667dcd-fd55-4eb6-b27f-d26fc67fac49,personalities.catering,available,31.25,31.25,medium,low,13,spaceship,,,29/09/2026 00:05
cd414d6f-9534-4ff7-a178-0a336962c84c,tumors.catering,available,38.99,38.99,low,low,6,namesilo,,,30/09/2026 06:57
8fbcb538-8db3-494f-a766-fea5c2269120,jerky.catering,available,38.99,38.99,high,low,5,namesilo,,,06/08/2026 22:03
d41226a2-3ceb-454b-857a-08635d92a145,brochure.catering,available,38.99,38.99,high,low,8,namesilo,,,24/09/2026 07:07
7e93c031-2bcf-4eeb-a6f9-b74277d12710,darts.catering,available,30.2,30.2,high,low,5,cloudflare,,,29/09/2026 06:31
f05d0462-b02d-469d-91b3-21fbc0d48bc5,enmity.catering,available,40.98,48.98,medium,low,6,namecheap,,,19/09/2026 12:26
048bb010-0b7a-4583-9028-126d1bb941df,says.catering,available,38.99,38.99,medium,low,4,namesilo,,,
54a350f1-6c9c-4f1d-a42f-60896c4147ca,moduli.catering,available,32.21,32.21,medium,low,6,dynadot,,,01/10/2026 00:19
9539c70b-b31e-4126-896a-c13df09d0961,hushed.catering,available,38.99,38.99,medium,low,6,namesilo,,,21/08/2026 15:54
010624f1-3e1a-4ab4-89ea-e3e9ee372f4a,stop.catering,available,40.98,48.98,high,low,4,namecheap,,,24/09/2026 23:23
14518b55-44cd-47b7-b912-3ceac3f677c8,bacitracin.catering,available,38.99,38.99,medium,low,10,namesilo,,,21/09/2026 14:25
536c8531-4da3-4f87-84f0-f8a35f206175,sexes.catering,available,30.2,30.2,medium,low,5,cloudflare,,,01/10/2026 15:53
f9d3a76e-4719-49d7-986b-b7032074adae,bloodshed.catering,available,38.99,38.99,medium,low,9,namesilo,,,30/09/2026 08:05
a6516d21-9ab2-471d-bc9f-e5d6bdb05258,solely.catering,available,38.99,38.99,high,low,6,namesilo,,,
8f00a350-4012-4746-a8b3-a2b49cdc22e2,hewlett.catering,available,40.98,48.98,medium,low,7,namecheap,,,28/09/2026 23:16
350f88c4-066f-4be7-8dc5-f1154345a2b2,smothered.catering,available,38.99,38.99,medium,low,9,namesilo,,,10/09/2026 12:11
6562f174-6747-4ce3-bc88-13bf4e88986a,gustatory.catering,available,38.99,38.99,medium,low,9,namesilo,,,20/08/2026 21:07
06843f9d-d46c-408b-a460-d8d6cf177030,skimpy.catering,available,38.99,38.99,medium,low,6,namesilo,,,10/09/2026 09:36
b01f42f8-ee47-4c03-8cf0-a1cfa4e146d0,buckeye.catering,available,38.99,38.99,high,low,7,namesilo,,,17/09/2026 13:22
919b7d5f-77ce-4e5f-be11-98422351a4bf,ribbon.catering,available,31.41,31.41,high,low,6,porkbun,,,30/09/2026 02:15
7564718a-9935-4d1c-9d7b-8a457b076df9,creek.catering,available,31.25,31.25,high,low,5,spaceship,,,29/09/2026 04:33
19d08f4a-7955-4b84-b9dd-39bfc2c9d2a5,oft.catering,available,40.98,48.98,high,low,3,namecheap,,,14/09/2026 20:06
9e1e28bb-6bbb-4835-b8cb-45e21d8d66cd,artifice.catering,available,38.99,38.99,high,low,8,namesilo,,,20/09/2026 11:34
b410ca7c-bcee-4919-b58c-e9fcf0bdfd89,eloquently.catering,available,40.98,48.98,medium,low,10,namecheap,,,13/09/2026 20:54
7eb579fd-f4ae-432c-8802-68a5244feaaf,kenosha.catering,available,38.99,38.99,medium,low,7,namesilo,,,29/09/2026 15:54
78d1141e-b6e7-4a06-943b-45818413bf11,maritime.catering,available,38.99,38.99,high,low,8,namesilo,,,24/08/2026 16:00
09766353-e271-4ea1-a3e9-1eeb1480871e,recapture.catering,available,40.98,48.98,high,low,9,namecheap,,,30/09/2026 10:57
46f314de-4971-456c-aa0f-6694dd4d9919,jailed.catering,available,40.98,48.98,medium,low,6,namecheap,,,19/09/2026 04:16
d06a1c6d-4ca5-4139-af7f-6074695c716c,imminent.catering,available,40.98,48.98,high,low,8,namecheap,,,21/08/2026 20:55
92f9f028-9ffd-4d84-ab65-292372afdd4b,pulls.catering,available,38.99,38.99,medium,low,5,namesilo,,,16/09/2026 23:15
faea1630-9d22-45fe-9f64-0536df3dc8b0,irish.catering,premium,78.54,78.54,high,low,5,namesilo,,,22/08/2026 09:54
c628dea8-a01c-4559-8b1e-230b64aa6921,iec.catering,available,38.99,38.99,medium,low,3,namesilo,,,28/09/2026 16:35
a08dd19d-6ade-40a3-ac86-97d27ce6b320,extravert.catering,available,40.98,48.98,high,low,9,namecheap,,,17/08/2026 19:28
eb5488d7-ea4e-4826-ba65-0e29d85a2795,nac.catering,available,30.2,30.2,high,low,3,cloudflare,,,29/09/2026 13:31
42e1de5c-8134-41bc-ba34-5e67602f6718,biggish.catering,available,40.98,48.98,medium,low,7,namecheap,,,09/08/2026 20:33
f61d0467-cf5b-4b6b-976f-c4407f33cdda,lad.catering,available,31.25,31.25,high,low,3,spaceship,,,28/09/2026 00:53
a803103a-7e72-4ed8-bfbe-ffda4f327cae,clue.catering,available,31.41,31.41,high,low,4,porkbun,,,29/09/2026 10:03
c0953f52-b233-4649-a301-324c693fc298,secret.catering,available,38.99,38.99,high,medium,6,namesilo,,,23/09/2026 14:41
cc69f234-88c1-4f22-901e-f1a141a2c795,alnus.catering,available,38.99,38.99,medium,low,5,namesilo,,,18/09/2026 12:53
43980f1f-7f85-4fde-b344-43cc9f13bbcc,drainage.catering,available,31.41,31.41,high,low,8,porkbun,,,29/09/2026 18:40
89a43f3b-f84d-43d5-b34d-3ba9983f3885,steve.catering,premium,128.7,128.7,high,medium,5,namecheap,,,25/09/2026 11:49
750de73b-c002-4e06-b13a-f018c81451d5,vertigo.catering,available,38.99,38.99,high,low,7,namesilo,,,01/10/2026 01:46
f3834e99-28ba-47bf-a3cb-1231368810f5,newcastle.catering,premium,68.51,68.51,high,low,9,spaceship,,,30/09/2026 10:35
d4a94d03-c08b-4d69-b823-ca206a8c4f5a,highborn.catering,available,38.99,38.99,medium,low,8,namesilo,,,13/08/2026 01:48
5aea0268-0a10-489b-a041-3250bfbb8988,thames.catering,available,32.21,32.21,high,low,6,dynadot,,,01/10/2026 03:33
1c779940-887e-49d5-99f4-76c5419286d5,remission.catering,available,31.25,31.25,high,low,9,spaceship,,,01/10/2026 03:27
0ae0d610-adf3-4190-b0ec-992448de5f14,banter.catering,available,38.99,38.99,high,low,6,namesilo,,,28/09/2026 07:57
d26be043-f4aa-4813-aaeb-aa1faba5243d,uplifted.catering,available,38.99,38.99,high,low,8,namesilo,,,12/09/2026 23:11
a6988410-02da-4c1d-88c6-719af09ba3bd,creative.catering,premium,207.2,207.2,high,medium,8,spaceship,,,01/10/2026 01:41
96c26d5c-5845-4e19-832d-fd6164a392f9,breakaway.catering,available,38.99,38.99,high,low,9,namesilo,,,11/08/2026 03:01
9af3563e-898a-4494-ba79-960d409b19f9,verdin.catering,available,40.98,48.98,medium,low,6,namecheap,,,21/09/2026 04:27
1735a3ce-1b3a-40c1-86cc-2ac4070e866f,plough.catering,available,38.99,38.99,high,low,6,namesilo,,,23/09/2026 14:29
c7198a66-1812-40ee-8354-ebd3101f7bc1,summerset.catering,available,38.99,38.99,medium,low,9,namesilo,,,18/08/2026 08:29
7dd57b76-4f6e-4f39-a7d3-4a6ccd168787,appetite.catering,available,40.98,48.98,high,low,8,namecheap,,,19/09/2026 20:41
797d7977-6473-47df-ba5a-b6b0e9deb2c5,pillowcase.catering,available,46.99,,medium,low,11,name.com,,,
53c9deec-7464-46d0-a2f0-f5479db6c268,reminder.catering,available,31.25,31.25,high,low,8,spaceship,,,28/09/2026 18:51
ffc7eae6-3abd-4f19-a672-b056f4b22f2d,riskless.catering,available,40.98,48.98,high,low,8,namecheap,,,09/09/2026 17:59
6e1fb419-bc82-4878-afd8-8fcb15578938,prototypic.catering,available,38.99,38.99,medium,low,10,namesilo,,,06/08/2026 15:42
8ec7c374-c747-4043-aebd-63ac6b0b3bd4,deportations.catering,available,38.99,38.99,low,low,12,namesilo,,,30/09/2026 16:17
e6f47aea-6987-490e-9ecd-e0fb5b04ea1d,creaseless.catering,available,38.99,38.99,medium,low,10,namesilo,,,13/08/2026 05:47
92d854dd-e262-4197-8a4e-458c0d2b0f75,joshua.catering,available,38.99,38.99,high,low,6,namesilo,,,24/09/2026 06:58
fa45e730-ae74-4c3f-83d9-847ab1562e69,lithesome.catering,available,38.99,38.99,medium,low,9,namesilo,,,24/08/2026 01:12
5ecfb88f-a1e5-4c8c-b60f-295a59a4d363,barthelme.catering,available,38.99,38.99,medium,low,9,namesilo,,,22/09/2026 09:06
903a6e80-da9f-49e1-81f4-1e8bdc21dea1,stairs.catering,available,31.41,31.41,high,low,6,porkbun,,,30/09/2026 11:47
b0ea3b7a-f34f-49f8-ab1f-9aacbf0277cf,nee.catering,available,38.99,38.99,medium,low,3,namesilo,,,03/09/2026 14:47
2b4f41a5-73a6-4eff-aaee-40363020c9a1,palermo.catering,available,30.2,30.2,high,low,7,cloudflare,,,27/09/2026 15:11
d0840bbb-3f59-40e3-ba65-6ea0fd67337c,bawling.catering,available,38.99,38.99,medium,low,7,namesilo,,,13/09/2026 07:42
977db2e4-4c23-4b29-a658-657467b9c63f,algae.catering,available,40.98,48.98,high,low,5,namecheap,,,18/09/2026 06:48
b41f41bc-2889-4548-8c7f-c19133a73e09,fars.catering,available,30.2,30.2,medium,low,4,cloudflare,,,30/09/2026 13:45
f4f2e7f6-6ec1-426e-8d71-48538d33f387,luftwaffe.catering,available,38.99,38.99,medium,low,9,namesilo,,,28/09/2026 09:53
6ebdd268-e4d4-4143-8c3c-8d547e2ba40d,kicks.catering,available,38.99,38.99,high,low,5,namesilo,,,18/09/2026 05:38
f8508a99-4d94-42eb-a3ca-a36726fd4ada,oldham.catering,available,40.98,48.98,high,low,6,namecheap,,,28/09/2026 05:16
7363d3d8-11f2-4bc7-8a59-b270ce5d4329,mixologist.catering,available,38.99,38.99,high,low,10,namesilo,,,22/09/2026 06:27
847f963a-04d3-4a81-a45a-14739856d857,erogenous.catering,available,38.99,38.99,medium,low,9,namesilo,,,17/08/2026 12:28
1d15df98-c8bc-4e53-ba87-95ae9fd90bef,sorrel.catering,available,38.99,38.99,medium,low,6,namesilo,,,11/08/2026 06:31
4c3b2167-09d3-4187-84c7-a67146a9fa6f,bile.catering,available,40.98,48.98,medium,low,4,namecheap,,,23/09/2026 15:41
9f569b07-89af-4639-a7ae-fb463f38754b,burry.catering,available,38.99,38.99,medium,low,5,namesilo,,,08/08/2026 17:29
d4e24044-005d-481b-b5b6-47747bc27f4a,bromine.catering,available,40.98,48.98,medium,low,7,namecheap,,,20/09/2026 22:58
2096b456-0106-4afc-8b5a-6f749e9ef69a,rebel.catering,available,38.99,38.99,high,medium,5,namesilo,,,22/08/2026 07:47
77789449-399c-4bdf-a195-0c34db3f014e,prettily.catering,available,40.98,48.98,medium,low,8,namecheap,,,15/09/2026 21:22
45aa3e00-213b-445a-854d-4bb258a53915,moms.catering,available,30.2,30.2,high,low,4,cloudflare,,,01/10/2026 18:00
ae27fd12-2374-4766-8a25-94290ed35a24,bowl.catering,available,38.99,38.99,high,low,4,namesilo,,,24/09/2026 07:38
f660b061-4b35-4aa9-9d10-42443382161e,prisons.catering,available,31.25,31.25,medium,low,7,spaceship,,,29/09/2026 11:25
70edc9af-3998-45d5-814b-043453b2542f,clown.catering,available,40.98,48.98,high,low,5,namecheap,,,22/09/2026 06:35
c983032a-1b1f-46d2-9742-613da0891037,stilted.catering,available,38.99,38.99,medium,low,7,namesilo,,,10/09/2026 20:37
f9878a74-7958-4607-b9b6-e900bf4475a7,berzelius.catering,available,38.99,38.99,medium,low,9,namesilo,,,23/09/2026 10:24
cbc4196a-8ddb-4a9e-bfc8-6a0ba3ba3b9a,rejects.catering,available,31.25,31.25,medium,low,7,spaceship,,,29/09/2026 17:37
10c06508-0f7a-4f05-9b96-3ef52807a83a,musically.catering,available,38.99,38.99,high,low,9,namesilo,,,15/09/2026 15:43
226cd0a0-35f6-4042-8329-ef6d45551cfa,pegged.catering,available,30.2,30.2,medium,low,6,cloudflare,,,30/09/2026 16:20
50bbd698-d3b2-4313-a678-d5e9d567b21d,foia.catering,available,30.2,30.2,high,low,4,cloudflare,,,30/09/2026 11:49
68834c2d-03b5-4fd0-9e48-31e26e985d63,fizzle.catering,available,38.99,38.99,medium,low,6,namesilo,,,11/08/2026 11:19
0da08f7a-156e-4cd6-9f08-33eb3743c5c6,nonhuman.catering,available,40.98,48.98,medium,low,8,namecheap,,,03/09/2026 19:22
746b8501-b8ab-42db-b267-8bebf318d495,saul.catering,available,40.98,48.98,high,low,4,namecheap,,,19/09/2026 19:29
760acffa-7332-481f-8e97-839f4d472d20,record.catering,available,40.98,48.98,high,low,6,namecheap,,,24/09/2026 19:29
c3c71fdb-4ebf-4fdf-99e6-07f39ec76962,buckle.catering,available,31.41,31.41,medium,low,6,porkbun,,,28/09/2026 18:30
d2963ec2-3903-47da-a7c1-094df977060c,tests.catering,available,38.99,38.99,medium,low,5,namesilo,,,17/09/2026 22:12
1f25fa0b-d07c-461e-92c8-329f4e44f805,maverick.catering,available,38.99,38.99,high,low,8,namesilo,,,24/08/2026 17:42
999b595b-f8db-45ae-981c-f15529111ba2,aeronautic.catering,available,38.99,38.99,high,low,10,namesilo,,,
2dbe0e31-6f82-438e-99b7-e324d693a2d4,hindenburg.catering,available,30.2,30.2,medium,low,10,cloudflare,,,29/09/2026 19:09
e59b1314-071e-4712-b05e-b074c669f5c4,blase.catering,available,38.99,38.99,medium,low,5,namesilo,,,10/08/2026 13:19
42266b06-0c47-4a4f-8dfb-51d1d7f1edbb,decidedly.catering,available,38.99,38.99,medium,low,9,namesilo,,,14/09/2026 02:04
71c0b405-2e47-4acd-a238-24b888a6773a,alden.catering,available,31.25,31.25,medium,low,5,spaceship,,,30/09/2026 13:53
ed479d4c-b083-45e9-949a-2428799715c6,chargeman.catering,available,40.98,48.98,medium,low,9,namecheap,,,24/09/2026 04:25
c5ac4210-0906-4185-8776-e4f6a6be3531,existential.catering,available,38.99,38.99,high,low,11,namesilo,,,01/10/2026 22:23
8c796c4b-d1a1-4a4a-a736-a4f4f70ef8d0,conceptual.catering,available,40.98,48.98,high,low,10,namecheap,,,12/08/2026 20:05
2207a981-9f9d-4da9-a76e-7b8ff0d7a45b,nagano.catering,available,32.21,32.21,medium,low,6,dynadot,,,30/09/2026 18:06
004ee60c-ccb1-4f23-b916-1d0cbefab9cc,tablet.catering,available,40.98,48.98,high,low,6,namecheap,,,28/09/2026 20:05
aa5b8b6e-d511-4d8f-8723-8bee97066421,warning.catering,available,38.99,38.99,high,low,7,namesilo,,,13/09/2026 08:25
346bf92a-8e17-4cd5-b539-45990e4971a9,planetary.catering,available,38.99,38.99,high,medium,9,namesilo,,,20/08/2026 14:33
ab0487ce-261f-4b7f-9ed5-7e88b548b7aa,wiry.catering,available,38.99,38.99,medium,low,4,namesilo,,,10/09/2026 22:42
7ca9aec6-fcf6-4a88-aa5b-54ede2eb1479,ernesto.catering,available,31.25,31.25,medium,low,7,spaceship,,,28/09/2026 07:52
d897b5b6-b036-48b6-864d-22362f75f86b,conductor.catering,available,38.99,38.99,high,low,9,namesilo,,,29/09/2026 10:48
4bcd9d0a-ac63-41cb-b544-50d6c8e42214,calendar.catering,available,32.21,32.21,high,medium,8,dynadot,,,01/10/2026 11:43
938be467-4e2b-42db-9cb0-1622b388e02a,tame.catering,available,38.99,38.99,high,low,4,namesilo,,,11/09/2026 07:40
c86892a6-fe46-42c4-b9e5-05ab0f4d8db9,assemblage.catering,available,40.98,48.98,high,low,10,namecheap,,,17/09/2026 17:28
a34415ca-bc19-456f-8256-ca97074736a4,prostate.catering,available,38.99,38.99,high,low,8,namesilo,,,09/09/2026 03:47
9b4e3647-5018-491d-9eca-b279dea8b7cd,selo.catering,available,38.99,38.99,high,low,4,namesilo,,,30/09/2026 15:04
fc2dea2c-67da-4210-84ee-61ddcb20c474,albizia.catering,available,38.99,38.99,high,low,7,namesilo,,,18/09/2026 03:01
aae5584f-c41e-4027-8be6-624015d5d3a4,pains.catering,available,38.99,38.99,high,low,5,namesilo,,,28/09/2026 06:29
0e7cf266-4d5d-40df-9102-9ebd6cb2d2c5,leak.catering,available,38.99,38.99,high,low,4,namesilo,,,30/09/2026 02:34
a73a26d4-97d2-4459-9c2b-47b35ac748ac,grail.catering,available,31.25,31.25,high,low,5,spaceship,,,01/10/2026 19:50
95e81eab-0df2-4254-a191-f18b71662849,function.catering,premium,38.94,38.94,high,low,8,namesilo,,,29/09/2026 20:12
f4e0d1a6-035d-4621-a60f-f40f57368cd3,freewill.catering,available,38.99,38.99,high,low,8,namesilo,,,18/08/2026 15:00
dc9af5d5-8c39-427e-82d3-9c4a72db484e,salvatore.catering,available,30.2,30.2,medium,low,9,cloudflare,,,28/09/2026 16:31
7191845e-5f7e-4844-b9e5-f32eaa936fde,menu.catering,premium,,,high,medium,4,,,,29/09/2026 02:40
bfdbebe4-5979-4a84-8de1-5f146ed30f7b,dumb.catering,available,40.98,48.98,high,low,4,namecheap,,,14/08/2026 21:03
fd30d61c-5745-4418-b9a4-df87bce87935,aeolia.catering,available,40.98,48.98,low,low,6,namecheap,,,17/09/2026 12:34
b8ad4d3b-1c01-4ce2-8eb4-63a228f0a74a,rape.catering,available,40.98,48.98,high,low,4,namecheap,,,24/09/2026 08:17
4aaa5a0f-64b7-46ae-ad63-022de0b44207,tipton.catering,available,31.25,31.25,medium,low,6,spaceship,,,29/09/2026 04:26
3ee608a8-29fd-4d99-877d-54124461a56b,proverbs.catering,available,38.99,38.99,high,low,8,namesilo,,,24/09/2026 07:04
60db45e2-e535-4a46-baef-c81b29bba52b,magnesium.catering,available,38.99,38.99,high,low,9,namesilo,,,20/09/2026 22:22
4e397deb-57dc-4c64-885f-4dbdf12455c8,tennis.catering,premium,72.6,72.6,high,low,6,dynadot,,,30/09/2026 02:23
515823d6-a454-4703-939f-aa6b6a6498bd,seats.catering,available,38.99,38.99,high,low,5,namesilo,,,30/09/2026 10:51
2842adaf-b46b-450a-80eb-d513fc324994,communicating.catering,available,30.2,30.2,medium,low,13,cloudflare,,,28/09/2026 17:54
e88dfb18-985f-435a-8961-d57ddaff0c15,airstream.catering,available,38.99,38.99,high,low,9,namesilo,,,17/09/2026 23:23
5d809256-650d-437e-a638-1c28b95fe51e,perforated.catering,available,38.99,38.99,high,low,10,namesilo,,,08/09/2026 16:52
fdfa9f79-1e03-4ab3-957d-94446cbf1f58,trusts.catering,available,30.2,30.2,medium,low,6,cloudflare,,,28/09/2026 18:18
5b9af5df-7609-48d0-a8bf-8a5b8571d141,validation.catering,available,31.25,31.25,high,low,10,spaceship,,,30/09/2026 19:08
81a0973e-dfef-49d4-a78d-f131d0990582,acarina.catering,available,40.98,48.98,medium,low,7,namecheap,,,16/09/2026 21:31
fbde3e3a-73c5-458e-b554-571a0c07f656,livable.catering,available,38.99,38.99,high,low,7,namesilo,,,24/08/2026 07:42
e2ef91ba-e392-450a-8f46-f2457d579e94,eyed.catering,available,40.98,48.98,high,low,4,namecheap,,,17/08/2026 20:00
9627c7de-76fd-46a5-bea0-e470f29bb462,ari.catering,available,31.25,31.25,high,medium,3,spaceship,,,28/09/2026 07:41
c36b0fc8-4804-4cc7-9589-c4a3fc3ebfb4,shrewdly.catering,available,38.99,38.99,medium,low,8,namesilo,,,13/09/2026 22:22
0e06ae0e-9451-478d-9ab3-82839acdb667,land.catering,premium,260,260,high,low,4,namecheap,,,28/09/2026 18:00
357d90f0-202b-4f49-ad31-00115fae4133,glistening.catering,available,38.99,38.99,high,low,10,namesilo,,,20/08/2026 14:30
d60af695-9822-455d-8051-6f154a3cb091,gimp.catering,available,38.99,38.99,medium,low,4,namesilo,,,23/08/2026 13:28
a7fecbfd-395b-4d3a-9c82-a11e58ff7db4,bakshis.catering,available,40.98,48.98,medium,low,7,namecheap,,,21/09/2026 15:54
28ab9c8d-01d5-4789-bfe7-87c6ed479133,himalaya.catering,available,38.99,38.99,high,low,8,namesilo,,,01/10/2026 02:35
9dab5bed-4e7e-48cb-9506-69ab7591df77,farrell.catering,available,40.98,48.98,medium,low,7,namecheap,,,25/09/2026 05:20
3030ab25-aa68-4db1-a58a-a380136534c9,courthouse.catering,available,38.99,38.99,medium,low,10,namesilo,,,28/09/2026 09:28
f602b669-e931-42a4-9959-906bdbe74b6b,waved.catering,available,38.99,38.99,high,low,5,namesilo,,,30/09/2026 03:45
3ef55fd2-df09-4b41-9db0-7e2967c3605b,sere.catering,available,40.98,48.98,medium,low,4,namecheap,,,14/08/2026 19:03
bdc79681-c829-4976-a866-7d288c390494,concede.catering,available,31.25,31.25,high,low,7,spaceship,,,01/10/2026 04:09
084f58ad-68a7-42e9-8efa-ce524cab266d,emergent.catering,available,38.99,38.99,high,low,8,namesilo,,,16/08/2026 14:17
3bb33dc6-cf60-43a8-89b3-5d2b6713b090,nearing.catering,available,31.25,31.25,medium,low,7,spaceship,,,01/10/2026 17:44
933d0a44-aeac-49a0-a78c-29acae64ef13,ceiling.catering,available,38.99,38.99,high,low,7,namesilo,,,24/09/2026 13:23
76d568f1-8190-43d7-b0ba-cf4c3f82cce1,bewilder.catering,available,46.99,50.99,high,low,8,name.com,,,21/09/2026 17:30
95f3dd4f-b167-486c-82f5-90ac5244976c,corpulence.catering,available,38.99,38.99,medium,low,10,namesilo,,,04/09/2026 22:00
396c91d2-2ce2-46a1-b9f1-36c6c56dd66b,nurse.catering,available,38.99,38.99,high,low,5,namesilo,,,29/09/2026 22:12
625f7b53-c664-4edf-b2f6-11d9a1bfbb2d,parka.catering,available,40.98,48.98,high,low,5,namecheap,,,19/09/2026 11:41
06aaf56f-17e7-4d66-99ac-4d09a007273f,centers.catering,available,31.25,31.25,medium,low,7,spaceship,,,29/09/2026 05:16
16d66485-3339-4308-a6b2-a89e45e6dcea,ponies.catering,available,38.99,38.99,high,low,6,namesilo,,,30/09/2026 15:39
a580d3d0-a56e-458e-b400-a4701c2802ee,rectify.catering,available,38.99,38.99,high,low,7,namesilo,,,23/09/2026 23:41
035046f5-571b-4cf4-af34-091271782513,wanted.catering,available,38.99,38.99,high,low,6,namesilo,,,23/09/2026 14:03
9e976457-2dce-455c-bc9a-e6e25d622958,arcella.catering,available,38.99,38.99,medium,low,7,namesilo,,,20/09/2026 01:41
b662cfec-0740-4adc-8f7e-8973f17d7b93,steely.catering,available,38.99,38.99,medium,low,6,namesilo,,,10/09/2026 19:47
c6c03f3b-bdc9-4005-9eff-7b8952127b73,autocracy.catering,available,38.99,38.99,medium,low,9,namesilo,,,21/09/2026 06:08
20087e12-4a50-43cf-9cdc-3af023a92db5,third.catering,available,38.99,38.99,high,low,5,namesilo,,,
d10afeb0-93f1-4d01-817c-16f051119774,eurasian.catering,premium,38.94,38.94,high,low,8,namesilo,,,17/08/2026 14:26